Site,year,visit,Discharge,Bait
1,1,1,8.909356444,1
2,1,1,9.173180683,1
3,1,1,13.35460802,1
4,1,1,6.472068553,1
5,1,1,10.51301717,1
6,1,1,9.235839183,1
7,1,1,11.17691789,1
8,1,1,11.57643051,1
9,1,1,3.473296485,1
10,1,1,11.46749546,1
11,1,1,5.619094048,1
12,1,1,126.9869258,1
13,1,1,5.292227146,4
14,1,1,35.90777751,4
15,1,1,14.7883923,1
16,1,1,20.56993847,4
17,1,1,27.26481047,1
18,1,1,85.95757902,1
19,1,1,23.39501227,4
20,1,1,135.7815195,1
21,1,1,1.523662089,1
22,1,1,105.9015717,1
23,1,1,8.928918737,1
24,1,1,1.384342085,1
25,1,1,13.989223,1
26,1,1,13.89645515,1
27,1,1,1.324492254,1
28,1,1,4.12345634,1
29,1,1,6.096163531,0
30,1,1,8.214932231,1
31,1,1,22.89908859,1
32,1,1,20.25579489,1
33,1,1,4.153901677,1
34,1,1,15.69497817,1
35,1,1,13.10421663,1
36,1,1,9.846421386,1
37,1,1,7.622000274,1
38,1,1,5.101459209,1
39,1,1,4.529825564,1
40,1,1,2.437100699,1
41,1,1,2.01649183,1
42,1,1,1.991388243,1
43,1,1,9.210647527,1
44,1,1,6.520766604,1
45,1,1,0.715348565,1
46,1,1,5.351623438,1
47,1,1,66.66662353,1
48,1,1,97.83559622,1
49,1,1,48.78357145,1
50,1,1,46.70862234,1
51,1,1,38.65033976,1
52,1,1,17.39692795,1
53,1,1,17.13018464,1
54,1,1,16.75248732,1
55,1,1,5.360900764,1
56,1,1,10.04374812,1
57,1,1,24.58604124,1
58,1,1,8.920470728,1
59,1,1,39.14064266,1
60,1,1,30.57228103,1
61,1,1,16.57380971,1
62,1,1,7.680821211,1
63,1,1,6.116686721,1
64,1,1,19.06574227,1
65,1,1,4.406685666,1
66,1,1,6.768454976,1
67,1,1,0.804965031,1
68,1,1,194.8058401,1
69,1,1,4.77221029,1
70,1,1,22.44053655,1
71,1,1,140.5738374,1
72,1,1,141.2892571,1
73,1,1,22.73195937,1
74,1,1,27.09732098,1
75,1,1,17.90252079,1
76,1,1,29.68627906,1
77,1,1,4.719757719,1
78,1,1,1.236355399,1
79,1,1,5.005896519,1
80,1,1,28.26454979,1
81,1,1,158.4896582,1
82,1,1,31.22686996,1
83,1,1,26.2842164,1
84,1,1,26.03025171,1
85,1,1,12.54755111,0
86,1,1,11.38345452,1
87,1,1,9.918616606,1
88,1,1,17.57374134,1
89,1,1,7.786204747,1
90,1,1,14.94119942,1
91,1,1,6.874080293,1
92,1,1,6.370874586,1
93,1,1,71.25021773,1
94,1,1,1.292459288,1
95,1,1,0.410188775,1
96,1,1,0.622381046,1
97,1,1,2.758851961,1
98,1,1,0.311543265,1
99,1,1,0.538512805,1
100,1,1,3.887521768,1
101,1,1,4.723887384,1
102,1,1,73.3251927,1
103,1,1,3.105392743,1
104,1,1,2.760292826,1
105,1,1,10.12063461,1
106,1,1,11.37901621,1
107,1,1,2.295140486,1
108,1,1,0.859537748,1
109,1,1,5.622463102,1
110,1,1,2.817266665,1
111,1,1,1.36661925,1
112,1,1,1.159291529,1
113,1,1,159.0271394,1
114,1,1,162.6061554,1
115,1,1,8.565892805,0
116,1,1,5.992227914,0
117,1,1,1.834449882,0
118,1,1,4.710758311,0
119,1,1,55.2928578,0
120,1,1,1.174389855,1
121,1,1,36.86285841,1
122,1,1,2.104095181,1
123,1,1,133.7437629,1
124,1,1,19.4489433,1
125,1,1,19.2344915,1
126,1,1,9.248301778,1
127,1,1,2.007756062,1
128,1,1,1.513813453,1
129,1,1,1.169042207,1
130,1,1,6.79734172,1
131,1,1,6.145418721,1
132,1,1,1.788424245,1
133,1,1,34.77230688,4
134,1,1,15.05966928,1
135,1,1,4.645204336,1
136,1,1,1.940655578,1
137,1,1,26.98346734,1
138,1,1,2.226828537,1
139,1,1,3.488934304,1
140,1,1,13.86773423,1
141,1,1,4.633211605,1
142,1,1,1.867507116,1
143,1,1,6.70680213,1
144,1,1,5.38203428,1
145,1,1,5.686533472,1
146,1,1,140.4443696,1
147,1,1,2.015363228,1
148,1,1,5.980214586,1
149,1,1,5.543850809,1
150,1,1,21.07355996,1
151,1,1,138.7440812,1
152,1,1,2.404648695,1
153,1,1,0.826765134,1
154,1,1,1.66015126,1
155,1,1,2.02282766,1
156,1,1,4.637169863,1
157,1,1,18.51541942,1
158,1,1,6.275520556,1
159,1,1,6.951126328,1
160,1,1,3.203434172,1
161,1,1,15.2902161,1
162,1,1,6.368668126,1
163,1,1,5.26113989,1
164,1,1,4.346726561,1
165,1,1,17.31143582,1
166,1,1,1.150466764,1
167,1,1,5.198818867,1
168,1,1,4.692028844,1
169,1,1,1.832801853,1
170,1,1,14.69513452,1
171,1,1,43.11944693,1
172,1,1,36.884043,1
173,1,1,58.45411338,1
174,1,1,2.305967158,1
175,1,1,9.482699272,1
176,1,1,6.611812864,1
1,1,2,6.521004868,2
2,1,2,6.714105138,2
3,1,2,8.75153036,2
4,1,2,4.824088134,2
5,1,2,7.836091499,2
6,1,2,6.884120873,2
7,1,2,8.330943425,2
8,1,2,8.628728294,2
9,1,2,3.48991513,2
10,1,2,11.87628048,2
11,1,2,3.377434189,2
12,1,2,122.9314551,2
13,1,2,3.205454652,5
14,1,2,21.7490197,5
15,1,2,15.31555826,2
16,1,2,21.30320082,5
17,1,2,16.51405187,2
18,1,2,92.13753566,2
19,1,2,24.22898081,5
20,1,2,131.4451835,2
21,1,2,0.969206257,2
22,1,2,102.5194855,2
23,1,2,8.977445469,2
24,1,2,1.391865684,2
25,1,2,13.45027471,2
26,1,2,13.36108083,2
27,1,2,1.273464914,2
28,1,2,3.499263406,2
29,1,2,8.191719746,1
30,1,2,8.259578601,2
31,1,2,12.89103368,2
32,1,2,11.40299245,2
33,1,2,2.338437455,2
34,1,2,8.835482313,2
35,1,2,7.377014038,2
36,1,2,5.543039377,2
37,1,2,4.290802311,2
38,1,2,2.871864626,2
39,1,2,2.550063672,2
40,1,2,1.371964962,2
41,1,2,1.13518335,2
42,1,2,1.689939564,2
43,1,2,12.37680761,2
44,1,2,8.762280126,2
45,1,2,0.607061855,2
46,1,2,5.052801823,2
47,1,2,63.17456231,2
48,1,2,73.37669716,2
49,1,2,40.19275384,2
50,1,2,38.48320457,2
51,1,2,31.84399062,2
52,1,2,16.72669454,2
53,1,2,16.47022778,2
54,1,2,16.10708161,2
55,1,2,4.511154256,2
56,1,2,8.523364233,2
57,1,2,21.35963383,2
58,1,2,7.570124242,2
59,1,2,52.59523856,2
60,1,2,21.61040649,2
61,1,2,11.71540863,2
62,1,2,5.429286365,2
63,1,2,5.190766254,2
64,1,2,25.61959117,2
65,1,2,3.739618568,2
66,1,2,5.743872342,2
67,1,2,0.683112527,2
68,1,2,198.6349475,2
69,1,2,3.720706327,2
70,1,2,17.49601155,2
71,1,2,156.3883941,2
72,1,2,157.1842985,2
73,1,2,16.93335315,2
74,1,2,20.18517181,2
75,1,2,13.33583708,2
76,1,2,22.11372275,2
77,1,2,4.029061466,2
78,1,2,1.05542534,2
79,1,2,4.273326298,2
80,1,2,25.99513338,2
81,1,2,161.6049341,2
82,1,2,37.85912552,2
83,1,2,31.86670485,2
84,1,2,31.55880074,2
85,1,2,15.21251772,1
86,1,2,13.80117937,2
87,1,2,12.02522544,2
88,1,2,21.30621737,2
89,1,2,9.439911953,2
90,1,2,11.64907073,2
91,1,2,5.359452433,2
92,1,2,4.967122557,2
93,1,2,67.51806349,2
94,1,2,1.372496904,2
95,1,2,0.435590374,2
96,1,2,0.660922992,2
97,1,2,2.929698297,2
98,1,2,0.330836082,2
99,1,2,0.571861075,2
100,1,2,4.128262794,2
101,1,2,5.016421696,2
102,1,2,69.48434926,2
103,1,2,3.616974784,2
104,1,2,3.215023148,2
105,1,2,11.78790679,2
106,1,2,13.25359402,2
107,1,2,2.673241665,2
108,1,2,1.001137897,2
109,1,2,6.26415726,2
110,1,2,3.138802535,2
111,1,2,1.522592099,2
112,1,2,1.291601975,2
113,1,2,180.9191872,2
114,1,2,184.9908989,2
115,1,2,6.932707017,1
116,1,2,4.849740881,1
117,1,2,1.484690955,1
118,1,2,3.812598166,1
119,1,2,66.81220317,1
120,1,2,0.983585096,2
121,1,2,29.1473764,2
122,1,2,2.114162622,2
123,1,2,117.7526608,2
124,1,2,13.74773345,2
125,1,2,14.32804062,2
126,1,2,6.89341012,2
127,1,2,2.132089579,2
128,1,2,1.607558781,2
129,1,2,0.979106287,2
130,1,2,5.066537114,2
131,1,2,4.580613027,2
132,1,2,1.335931363,2
133,1,2,21.0612753,5
134,1,2,15.59650552,2
135,1,2,3.616876658,2
136,1,2,2.162143443,2
137,1,2,19.0736078,2
138,1,2,2.102487858,2
139,1,2,2.553647698,2
140,1,2,10.81213177,2
141,1,2,3.955180639,2
142,1,2,1.584811084,2
143,1,2,6.945881379,2
144,1,2,4.355887666,2
145,1,2,4.602330591,2
146,1,2,156.2443612,2
147,1,2,1.710285308,2
148,1,2,6.193392968,2
149,1,2,4.383509943,2
150,1,2,16.43023319,2
151,1,2,154.3527903,2
152,1,2,2.013962064,2
153,1,2,0.877963892,2
154,1,2,1.390424168,2
155,1,2,1.480563619,2
156,1,2,3.463910018,2
157,1,2,19.17544375,2
158,1,2,6.305546969,2
159,1,2,8.427471743,2
160,1,2,3.883809571,2
161,1,2,18.53769563,2
162,1,2,4.744109589,2
163,1,2,3.919096382,2
164,1,2,3.688735844,2
165,1,2,20.16331976,2
166,1,2,0.931117069,2
167,1,2,4.207604373,2
168,1,2,4.430037387,2
169,1,2,1.428964156,2
170,1,2,10.38744313,2
171,1,2,32.12027659,2
172,1,2,33.92255049,2
173,1,2,46.21953151,2
174,1,2,1.931313455,2
175,1,2,11.04487805,2
176,1,2,7.021259993,2
1,1,3,4.93771562,3
2,1,3,5.083931461,3
3,1,3,6.279507174,3
4,1,3,4.075006126,3
5,1,3,6.619307106,3
6,1,3,5.815158003,3
7,1,3,7.037318671,3
8,1,3,7.288863653,3
9,1,3,1.385994866,3
10,1,3,8.304790334,3
11,1,3,2.214759942,3
12,1,3,110.5115761,3
13,1,3,2.581574217,6
14,1,3,17.51598902,6
15,1,3,10.70979255,3
16,1,3,14.89680347,6
17,1,3,13.29990755,3
18,1,3,48.59693191,3
19,1,3,16.94272934,6
20,1,3,118.1651547,3
21,1,3,0.724721796,3
22,1,3,92.16184679,3
23,1,3,7.982647459,3
24,1,3,1.237631919,3
25,1,3,12.3489456,3
26,1,3,12.26705505,3
27,1,3,1.169191654,3
28,1,3,3.782987466,3
29,1,3,5.905658422,2
30,1,3,7.344327998,3
31,1,3,9.637386205,3
32,1,3,8.524920873,3
33,1,3,1.748224807,3
34,1,3,6.605440451,3
35,1,3,5.515083978,3
36,1,3,4.143997492,3
37,1,3,3.207820258,3
38,1,3,2.147017005,3
39,1,3,1.906437378,3
40,1,3,1.025686266,3
41,1,3,0.848667425,3
42,1,3,1.826961691,3
43,1,3,8.92281479,3
44,1,3,6.316992648,3
45,1,3,0.656283087,3
46,1,3,4.828685613,3
47,1,3,59.68250106,3
48,1,3,56.00244472,3
49,1,3,37.12460469,3
50,1,3,35.54555538,3
51,1,3,29.41315163,3
52,1,3,15.35708715,3
53,1,3,15.12162028,3
54,1,3,14.78820908,3
55,1,3,4.130017955,3
56,1,3,9.21444782,3
57,1,3,21.27795263,3
58,1,3,8.1839181,3
59,1,3,37.91749757,3
60,1,3,9.411466906,3
61,1,3,5.102133577,3
62,1,3,2.364488098,3
63,1,3,5.611639195,3
64,1,3,18.46993782,3
65,1,3,4.042830884,3
66,1,3,6.20959172,3
67,1,3,0.738500029,3
68,1,3,195.5237978,3
69,1,3,2.985388871,3
70,1,3,14.03830175,3
71,1,3,162.5384995,3
72,1,3,163.3657035,3
73,1,3,10.9213013,3
74,1,3,13.0185877,3
75,1,3,8.601054588,3
76,1,3,14.26242203,3
77,1,3,6.647951421,3
78,1,3,1.741451812,3
79,1,3,7.050988391,3
80,1,3,24.75726989,3
81,1,3,159.0737724,3
82,1,3,35.37202969,3
83,1,3,29.77327169,3
84,1,3,29.48559486,3
85,1,3,14.21315524,2
86,1,3,12.89453256,3
87,1,3,11.23524713,3
88,1,3,19.90653886,3
89,1,3,8.81977175,3
90,1,3,9.34688284,3
91,1,3,4.300272111,3
92,1,3,3.985477785,3
93,1,3,63.78590922,3
94,1,3,1.372496904,3
95,1,3,0.435590374,3
96,1,3,0.660922992,3
97,1,3,2.929698297,3
98,1,3,0.330836082,3
99,1,3,0.571861075,3
100,1,3,4.128262794,3
101,1,3,5.016421696,3
102,1,3,65.64350583,3
103,1,3,3.464397684,3
104,1,3,3.079401823,3
105,1,3,11.29065017,3
106,1,3,12.69450941,3
107,1,3,2.560474647,3
108,1,3,0.958906273,3
109,1,3,6.508612179,3
110,1,3,3.261292389,3
111,1,3,1.582010327,3
112,1,3,1.342005954,3
113,1,3,206.115695,3
114,1,3,210.7544715,3
115,1,3,7.199349595,2
116,1,3,5.036269377,2
117,1,3,1.541794454,2
118,1,3,3.959236559,2
119,1,3,76.02767948,2
120,1,3,0.838465984,3
121,1,3,18.25997405,3
122,1,3,0.839624584,3
123,1,3,100.5985695,3
124,1,3,5.987223721,3
125,1,3,9.240984178,3
126,1,3,5.823004823,3
127,1,3,2.132089579,3
128,1,3,1.607558781,3
129,1,3,0.834647983,3
130,1,3,4.27980775,3
131,1,3,3.869337713,3
132,1,3,1.010567435,3
133,1,3,16.96210091,6
134,1,3,10.90625205,3
135,1,3,2.943144731,3
136,1,3,2.246519772,3
137,1,3,8.306675242,3
138,1,3,2.009232348,3
139,1,3,1.93362624,3
140,1,3,8.675346836,3
141,1,3,6.526048056,3
142,1,3,1.71330928,3
143,1,3,4.857083719,3
144,1,3,4.523421807,3
145,1,3,4.779343306,3
146,1,3,162.3888023,3
147,1,3,1.84895709,3
148,1,3,4.330887111,3
149,1,3,2.746140052,3
150,1,3,13.18315153,3
151,1,3,160.4228439,3
152,1,3,1.716820121,3
153,1,3,0.877963892,3
154,1,3,1.185279618,3
155,1,3,1.121085209,3
156,1,3,2.62028032,3
157,1,3,13.40891538,3
158,1,3,2.50420294,3
159,1,3,7.87384221,3
160,1,3,3.628668795,3
161,1,3,17.31989081,3
162,1,3,3.059751354,3
163,1,3,2.527652498,3
164,1,3,3.987822533,3
165,1,3,19.31275788,3
166,1,3,0.966929264,3
167,1,3,4.369435312,3
168,1,3,4.233543793,3
169,1,3,1.146560173,3
170,1,3,4.523796314,3
171,1,3,20.71622881,3
172,1,3,32.30719097,3
173,1,3,28.95517708,3
174,1,3,1.646365568,3
175,1,3,10.57896508,3
176,1,3,7.021259993,3
1,1,4,3.998476236,4
2,1,4,4.116879282,4
3,1,4,4.944046373,4
4,1,4,3.625556921,4
5,1,4,5.889236468,4
6,1,4,5.173780283,4
7,1,4,6.261143817,4
8,1,4,6.484944867,4
9,1,4,0.721249127,4
10,1,4,3.93724516,4
11,1,4,1.859083244,4
12,1,4,93.52929264,4
13,1,4,1.067050677,7
14,1,4,7.23994213,7
15,1,4,5.077440509,4
16,1,4,7.062474184,7
17,1,4,5.497295118,4
18,1,4,34.27066876,4
19,1,4,8.032433855,7
20,1,4,100.0067479,4
21,1,4,0.676698063,4
22,1,4,77.99936116,4
23,1,4,7.133429642,4
24,1,4,1.105968948,4
25,1,4,10.75553326,4
26,1,4,10.68420924,4
27,1,4,1.018328215,4
28,1,4,3.461433532,4
29,1,4,3.128093914,3
30,1,4,6.56301651,4
31,1,4,8.978419627,4
32,1,4,7.942020298,4
33,1,4,1.628688068,4
34,1,4,6.153786404,4
35,1,4,5.13798422,4
36,1,4,3.860647233,4
37,1,4,2.988482122,4
38,1,4,2.000212424,4
39,1,4,1.776082686,4
40,1,4,0.955553871,4
41,1,4,0.790638883,4
42,1,4,1.671669948,4
43,1,4,4.726213513,4
44,1,4,3.345968365,4
45,1,4,0.600499025,4
46,1,4,4.686066209,4
47,1,4,56.50789994,4
48,1,4,48.41175191,4
49,1,4,36.20415994,4
50,1,4,34.66426062,4
51,1,4,28.68389996,4
52,1,4,13.37552752,4
53,1,4,13.17044347,4
54,1,4,12.88005306,4
55,1,4,3.711392838,4
56,1,4,8.431219755,4
57,1,4,23.23830144,4
58,1,4,7.488285059,4
59,1,4,20.08404226,4
60,1,4,6.803831169,4
61,1,4,3.688485102,4
62,1,4,1.70935923,4
63,1,4,5.134649863,4
64,1,4,9.783109,4
65,1,4,3.69919026,4
66,1,4,5.681776423,4
67,1,4,0.675727526,4
68,1,4,184.7544331,4
69,1,4,2.455960303,4
70,1,4,11.5487507,4
71,1,4,166.3457076,4
72,1,4,167.1922876,4
73,1,4,21.87817686,4
74,1,4,26.07958123,4
75,1,4,17.23012564,4
76,1,4,28.57130146,4
77,1,4,13.75636701,4
78,1,4,3.603523661,4
79,1,4,14.59035693,4
80,1,4,28.67717095,4
81,1,4,150.3120591,4
82,1,4,31.22686996,4
83,1,4,26.2842164,4
84,1,4,26.03025171,4
85,1,4,12.54755111,3
86,1,4,11.38345452,4
87,1,4,9.918616606,4
88,1,4,17.57374134,4
89,1,4,7.786204747,4
90,1,4,7.689307557,4
91,1,4,3.537662279,4
92,1,4,3.278693547,4
93,1,4,60.3930417,4
94,1,4,1.310245424,4
95,1,4,0.415833575,4
96,1,4,0.630945923,4
97,1,4,2.796817814,4
98,1,4,0.315830558,4
99,1,4,0.545923532,4
100,1,4,3.941019775,4
101,1,4,4.78889501,4
102,1,4,62.15183,4
103,1,4,2.845114161,4
104,1,4,2.528938803,4
105,1,4,9.272373329,4
106,1,4,10.42528363,4
107,1,4,2.10277322,4
108,1,4,0.787495566,4
109,1,4,6.753067095,4
110,1,4,3.383782243,4
111,1,4,1.641428556,4
112,1,4,1.392409934,4
113,1,4,226.3555127,4
114,1,4,231.4498004,4
115,1,4,6.999367661,3
116,1,4,4.896373004,3
117,1,4,1.49896683,3
118,1,4,3.849257763,3
119,1,4,79.86746129,3
120,1,4,0.755156864,4
121,1,4,13.00201595,4
122,1,4,0.436926942,4
123,1,4,84.60746741,4
124,1,4,4.328343263,4
125,1,4,18.51206928,4
126,1,4,5.180761642,4
127,1,4,2.035385732,4
128,1,4,1.534645748,4
129,1,4,0.751718215,4
130,1,4,3.807770129,4
131,1,4,3.442572524,4
132,1,4,0.823106098,4
133,1,4,7.011001708,7
134,1,4,5.170580634,4
135,1,4,2.485716213,4
136,1,4,2.330896102,4
137,1,4,6.005144204,4
138,1,4,1.949887932,4
139,1,4,1.565816901,4
140,1,4,7.136861681,4
141,1,4,13.50411675,4
142,1,4,1.567677992,4
143,1,4,2.302710675,4
144,1,4,4.397771203,4
145,1,4,4.646583769,4
146,1,4,166.192504,4
147,1,4,1.691795737,4
148,1,4,2.053244408,4
149,1,4,1.955389239,4
150,1,4,10.84525274,4
151,1,4,164.1804961,4
152,1,4,1.546238634,4
153,1,4,0.838142636,4
154,1,4,1.067511451,4
155,1,4,0.907835305,4
156,1,4,2.134215527,4
157,1,4,6.35707646,4
158,1,4,1.303146374,4
159,1,4,6.951126328,4
160,1,4,3.203434172,4
161,1,4,15.2902161,4
162,1,4,6.129469324,4
163,1,4,5.06353839,4
164,1,4,3.648857618,4
165,1,4,15.86047733,4
166,1,4,0.940070118,4
167,1,4,4.248062108,4
168,1,4,4.108502414,4
169,1,4,0.943229305,4
170,1,4,3.270387779,4
171,1,4,41.49993718,4
172,1,4,37.42249618,4
173,1,4,20.61753611,4
174,1,4,1.482784374,4
175,1,4,8.687906557,4
176,1,4,6.702801116,4
1,2,1,5.662271717,1
2,2,1,5.829943144,1
3,2,1,7.188757082,1
4,2,1,5.033831096,1
5,2,1,8.176791129,1
6,2,1,7.183430474,1
7,2,1,8.693158358,1
8,2,1,9.003890393,1
9,2,1,0.643141502,1
10,2,1,3.055130123,1
11,2,1,2.534570082,1
12,2,1,22.55855568,1
13,2,1,0.937971966,1
14,2,1,6.36414268,1
15,2,1,4.522528978,1
16,2,1,6.290619083,1
17,2,1,4.832299743,1
18,2,1,26.57381364,1
19,2,1,7.154572234,1
20,2,1,24.12086873,1
21,2,1,1.427614622,1
22,2,1,18.81285405,1
23,2,1,2.207966318,1
24,2,1,0.342323722,1
25,2,1,8.880930516,1
26,2,1,8.822037692,1
27,2,1,0.840841816,1
28,2,1,2.383282105,1
29,2,1,1.371636795,1
30,2,1,2.031409872,1
31,2,1,0.683677825,1
32,2,1,0.604759344,1
33,2,1,0.124019367,1
34,2,1,0.468591075,1
35,2,1,0.391241,1
36,2,1,0.29397589,1
37,2,1,0.227563317,1
38,2,1,0.152309753,1
39,2,1,0.135242993,1
40,2,1,0.072762359,1
41,2,1,0.060204612,1
42,2,1,1.150985865,1
43,2,1,2.072395694,1
44,2,1,1.467172486,1
45,2,1,0.354392867,1
46,2,1,22.81910501,1
47,2,1,523.809185,1
48,2,1,26.65176587,1
49,2,1,20.46455482,1
50,2,1,19.59412019,1
51,2,1,16.21369599,1
52,2,1,11.04428089,1
53,2,1,10.87494134,1
54,2,1,10.63516364,1
55,2,1,2.461765619,1
56,2,1,4.975801821,1
57,2,1,12.82394842,1
58,2,1,4.419315774,1
59,2,1,8.806644597,1
60,2,1,3.776575892,1
61,2,1,2.047352964,1
62,2,1,0.948807326,1
63,2,1,3.535332692,1
64,2,1,4.28979201,1
65,2,1,2.546983458,1
66,2,1,3.912042783,1
67,2,1,0.398790015,1
68,2,1,130.6682908,1
69,2,1,2.647142842,1
70,2,1,12.44775525,1
71,2,1,180.4030913,1
72,2,1,181.3212133,1
73,2,1,20.95324581,1
74,2,1,24.97702983,1
75,2,1,16.50169757,1
76,2,1,27.36340903,1
77,2,1,9.669747519,1
78,2,1,2.533020817,1
79,2,1,10.25598311,1
80,2,1,107.2815028,1
81,2,1,106.3087879,1
82,2,1,4.808385288,1
83,2,1,4.04730412,1
84,2,1,4.008198053,1
85,2,1,1.93210079,1
86,2,1,1.752850519,1
87,2,1,1.527291406,1
88,2,1,2.706045126,1
89,2,1,1.198937722,1
90,2,1,8.287876409,1
91,2,1,3.813049162,1
92,2,1,3.533921188,1
93,2,1,445.5115657,1
94,2,1,1.345817698,1
95,2,1,0.427123174,1
96,2,1,0.648075676,1
97,2,1,2.87274952,1
98,2,1,0.324405143,1
99,2,1,0.560744985,1
100,2,1,4.048015787,1
101,2,1,4.918910258,1
102,2,1,458.4859165,1
103,2,1,2.468158972,1
104,2,1,2.193874356,1
105,2,1,8.043856988,1
106,2,1,9.044015771,1
107,2,1,1.824172352,1
108,2,1,0.683158614,1
109,2,1,8.403137789,1
110,2,1,4.210588765,1
111,2,1,2.042501597,1
112,2,1,1.732636796,1
113,2,1,273.0310108,1
114,2,1,279.1757629,1
115,2,1,2.669758808,1
116,2,1,1.86761656,1
117,2,1,0.571748776,1
118,2,1,1.46821689,1
119,2,1,35.78676629,1
120,2,1,1.185139419,1
121,2,1,2.971889358,1
122,2,1,0.389609969,1
123,2,1,2.099195583,1
124,2,1,2.402516525,1
125,2,1,17.72944521,1
126,2,1,7.193123603,1
127,2,1,2.090645073,1
128,2,1,1.576310339,1
129,2,1,1.179742822,1
130,2,1,5.286821336,1
131,2,1,4.779770116,1
132,2,1,0.984710699,1
133,2,1,6.162896663,1
134,2,1,4.605489854,1
135,2,1,4.326068158,1
136,2,1,2.900436325,1
137,2,1,3.333251848,1
138,2,1,9.495106453,1
139,2,1,2.217364874,1
140,2,1,7.692425764,1
141,2,1,9.492433534,1
142,2,1,0.925187011,1
143,2,1,1.786802819,1
144,2,1,1.677435587,1
145,2,1,1.77233981,1
146,2,1,180.236941,1
147,2,1,0.998436829,1
148,2,1,1.593227901,1
149,2,1,0.446946112,1
150,2,1,11.68949397,1
151,2,1,178.0549042,1
152,2,1,2.426659209,1
153,2,1,0.860897639,1
154,2,1,1.675347153,1
155,2,1,1.285592278,1
156,2,1,2.5532369,1
157,2,1,5.662314006,1
158,2,1,1.162022227,1
159,2,1,1.070350426,1
160,2,1,0.493272164,1
161,2,1,2.354422657,1
162,2,1,5.870337286,1
163,2,1,4.849470102,1
164,2,1,2.153424168,1
165,2,1,13.75908917,1
166,2,1,0.358569602,1
167,2,1,1.620332261,1
168,2,1,20.00662046,1
169,2,1,1.016654341,1
170,2,1,1.815281323,1
171,2,1,39.7454683,1
172,2,1,139.9978275,1
173,2,1,4.712579682,1
174,2,1,2.327074409,1
175,2,1,7.536827454,1
176,2,1,6.884777616,1
1,2,2,4.562019865,2
2,2,2,4.697110591,2
3,2,2,5.96695252,2
4,2,2,4.524455331,2
5,2,2,7.349377742,2
6,2,2,6.456535726,2
7,2,2,7.813493523,2
8,2,2,8.092782438,2
9,2,2,0.550077099,2
10,2,2,2.603315105,2
11,2,2,1.649861657,2
12,2,2,17.92011108,2
13,2,2,0.602367317,2
14,2,2,4.087064104,2
15,2,2,3.301723609,2
16,2,2,4.592537858,2
17,2,2,3.103311761,2
18,2,2,48.59693191,2
19,2,2,5.223276662,2
20,2,2,19.16118449,2
21,2,2,1.938412515,2
22,2,2,14.94459305,2
23,2,2,2.186129288,2
24,2,2,0.338938103,2
25,2,2,8.576307568,2
26,2,2,8.519434816,2
27,2,2,0.812000276,2
28,2,2,2.118472982,2
29,2,2,1.24209332,2
30,2,2,2.011319005,2
31,2,2,0.634255331,2
32,2,2,0.561041801,2
33,2,2,0.115054111,2
34,2,2,0.434717021,2
35,2,2,0.362958518,2
36,2,2,0.272724621,2
37,2,2,0.211112957,2
38,2,2,0.14129941,2
39,2,2,0.125466392,2
40,2,2,0.067502429,2
41,2,2,0.055852472,2
42,2,2,1.023098547,2
43,2,2,1.876669434,2
44,2,2,1.328606196,2
45,2,2,0.351111452,2
46,2,2,12.49617655,2
47,2,2,555.5551962,2
48,2,2,48.24306986,2
49,2,2,66.27202161,2
50,2,2,63.45322281,2
51,2,2,52.50612194,2
52,2,2,10.66545332,2
53,2,2,10.50192224,2
54,2,2,10.27036911,2
55,2,2,15.62034022,2
56,2,2,4.929729583,2
57,2,2,32.79500185,2
58,2,2,4.378396183,2
59,2,2,7.974905943,2
60,2,2,3.267037873,2
61,2,2,1.771122802,2
62,2,2,0.820793639,2
63,2,2,3.142517948,2
64,2,2,3.884644988,2
65,2,2,2.263985296,2
66,2,2,3.477371363,2
67,2,2,0.395097516,2
68,2,2,113.4373074,2
69,2,2,2.132420622,2
70,2,2,10.0273584,2
71,2,2,146.7239428,2
72,2,2,147.4706621,2
73,2,2,12.80673767,2
74,2,2,15.26609633,2
75,2,2,10.08592721,2
76,2,2,16.72466426,2
77,2,2,5.295337928,2
78,2,2,1.387130447,2
79,2,2,5.616371705,2
80,2,2,127.4999399,2
81,2,2,92.29004668,2
82,2,2,3.703009358,2
83,2,2,3.116889378,2
84,2,2,3.086773212,2
85,2,2,1.487939689,2
86,2,2,1.349896377,2
87,2,2,1.176189934,2
88,2,2,2.083965787,2
89,2,2,0.923319855,2
90,2,2,6.676344886,2
91,2,2,3.071622937,2
92,2,2,2.846769847,2
93,2,2,509.5538532,2
94,2,2,1.004916739,2
95,2,2,0.318931181,2
96,2,2,0.483915538,2
97,2,2,2.145070676,2
98,2,2,0.242232034,2
99,2,2,0.418706057,2
100,2,2,3.022637337,2
101,2,2,3.672930788,2
102,2,2,524.3932671,2
103,2,2,2.100178907,2
104,2,2,1.866787634,2
105,2,2,6.844591039,2
106,2,2,7.695635238,2
107,2,2,1.552204837,2
108,2,2,0.581305876,2
109,2,2,7.150306336,2
110,2,2,3.58282826,2
111,2,2,1.737983177,2
112,2,2,1.474316401,2
113,2,2,266.0090332,2
114,2,2,271.9957508,2
115,2,2,2.706422162,2
116,2,2,1.893264228,2
117,2,2,0.579600507,2
118,2,2,1.488379669,2
119,2,2,31.67819977,2
120,2,2,1.103173994,2
121,2,2,2.694703525,2
122,2,2,0.333232299,2
123,2,2,2.105010529,2
124,2,2,2.07836747,2
125,2,2,10.83633324,2
126,2,2,6.465248001,2
127,2,2,1.561076387,2
128,2,2,1.17702468,2
129,2,2,1.098150631,2
130,2,2,4.751845368,2
131,2,2,4.296102902,2
132,2,2,0.81017773,2
133,2,2,3.957823545,2
134,2,2,3.36229014,2
135,2,2,3.936012833,2
136,2,2,2.468007637,2
137,2,2,2.883527393,2
138,2,2,5.199701153,2
139,2,2,1.786502505,2
140,2,2,6.196676312,2
141,2,2,5.198237412,2
142,2,2,0.916620465,2
143,2,2,1.522557332,2
144,2,2,1.700471531,2
145,2,2,1.796679058,2
146,2,2,146.5888108,2
147,2,2,0.989192043,2
148,2,2,1.35760969,2
149,2,2,0.405259792,2
150,2,2,9.416536811,2
151,2,2,144.8141348,2
152,2,2,2.258829037,2
153,2,2,0.642828854,2
154,2,2,1.559478472,2
155,2,2,1.035785248,2
156,2,2,2.100693817,2
157,2,2,4.133836605,2
158,2,2,0.993874308,2
159,2,2,0.824292857,2
160,2,2,0.379876265,2
161,2,2,1.813176069,2
162,2,2,3.587982042,2
163,2,2,2.964022473,2
164,2,2,2.133485055,2
165,2,2,11.70773405,2
166,2,2,0.363493779,2
167,2,2,1.642584015,2
168,2,2,10.95600644,2
169,2,2,0.818971552,2
170,2,2,1.570362414,2
171,2,2,24.29264616,2
172,2,2,166.3820334,2
173,2,2,4.273041,2
174,2,2,2.166131621,2
175,2,2,6.413154997,2
176,2,2,5.140836149,2
1,2,3,4.723032333,3
2,2,3,4.862890965,3
3,2,3,5.796468162,3
4,2,3,4.884014695,3
5,2,3,7.933434251,3
6,2,3,6.9696379,3
7,2,3,8.434433406,3
8,2,3,8.735917465,3
9,2,3,0.427099137,3
10,2,3,2.110621585,3
11,2,3,1.551228623,3
12,2,3,21.34191447,3
13,2,3,0.468985983,3
14,2,3,3.182071338,3
15,2,3,2.857794384,3
16,2,3,3.975053777,3
17,2,3,2.416149871,3
18,2,3,58.14777402,3
19,2,3,4.520987361,3
20,2,3,22.81996794,3
21,2,3,2.078117921,3
22,2,3,17.79822821,3
23,2,3,2.741760373,3
24,2,3,0.425083303,3
25,2,3,8.834065448,3
26,2,3,8.775483406,3
27,2,3,0.836404656,3
28,2,3,1.929323609,3
29,2,3,1.101119538,3
30,2,3,2.522519951,3
31,2,3,0.70427053,3
32,2,3,0.622974987,3
33,2,3,0.12775489,3
34,2,3,0.482705264,3
35,2,3,0.403025368,3
36,2,3,0.302830586,3
37,2,3,0.234417634,3
38,2,3,0.156897397,3
39,2,3,0.139316578,3
40,2,3,0.074953996,3
41,2,3,0.062018004,3
42,2,3,0.931750462,3
43,2,3,1.66367321,3
44,2,3,1.177813468,3
45,2,3,0.354392867,3
46,2,3,10.39084246,3
47,2,3,558.7297972,3
48,2,3,86.7025801,3
49,2,3,81.91958227,3
50,2,3,78.43523376,3
51,2,3,64.90340073,3
52,2,3,10.98599973,3
53,2,3,10.81755378,3
54,2,3,10.57904141,3
55,2,3,4.148762362,3
56,2,3,4.975801821,3
57,2,3,71.47105012,3
58,2,3,4.419315774,3
59,2,3,7.069778582,3
60,2,3,2.982296043,3
61,2,3,1.616758888,3
62,2,3,0.749256579,3
63,2,3,2.861935988,3
64,2,3,3.443749696,3
65,2,3,2.061843751,3
66,2,3,3.166891778,3
67,2,3,0.398790015,3
68,2,3,89.7447052,3
69,2,3,1.735349196,3
70,2,3,8.160195109,3
71,2,3,106.3089645,3
72,2,3,106.8500007,3
73,2,3,9.498330443,3
74,2,3,11.32235478,3
75,2,3,7.48039601,3
76,2,3,12.40412599,3
77,2,3,4.403188604,3
78,2,3,1.153429122,3
79,2,3,4.670135169,3
80,2,3,123.5800388,3
81,2,3,73.01427743,3
82,2,3,3.039783802,3
83,2,3,2.558640535,3
84,2,3,2.533918308,3
85,2,3,1.221443028,3
86,2,3,1.108123891,3
87,2,3,0.96552905,3
88,2,3,1.710718183,3
89,2,3,0.757949135,3
90,2,3,5.433163425,3
91,2,3,2.499665562,3
92,2,3,2.316681667,3
93,2,3,540.1827731,3
94,2,3,0.871520712,3
95,2,3,0.276595183,3
96,2,3,0.419678962,3
97,2,3,1.860326781,3
98,2,3,0.21007734,3
99,2,3,0.363125607,3
100,2,3,2.621402293,3
101,2,3,3.185373604,3
102,2,3,555.9141739,3
103,2,3,1.839900324,3
104,2,3,1.635433611,3
105,2,3,5.996329756,3
106,2,3,6.741902664,3
107,2,3,1.359837571,3
108,2,3,0.509263694,3
109,2,3,6.26415726,3
110,2,3,3.138802535,3
111,2,3,1.522592099,3
112,2,3,1.291601975,3
113,2,3,256.5087106,3
114,2,3,262.2816169,3
115,2,3,2.966398674,3
116,2,3,2.075129511,3
117,2,3,0.635276418,3
118,2,3,1.6313521,3
119,2,3,28.95195472,3
120,2,3,0.923118799,3
121,2,3,2.171765301,3
122,2,3,0.258733235,3
123,2,3,2.107918003,3
124,2,3,1.897225351,3
125,2,3,8.036947151,3
126,2,3,6.979042544,3
127,2,3,1.353853858,3
128,2,3,1.020782466,3
129,2,3,0.918915327,3
130,2,3,5.129475463,3
131,2,3,4.637515054,3
132,2,3,0.941616138,3
133,2,3,3.081448332,3
134,2,3,2.910217517,3
135,2,3,4.326068158,3
136,2,3,2.162143443,3
137,2,3,2.632210785,3
138,2,3,4.323664546,3
139,2,3,1.849555534,3
140,2,3,5.042812446,3
141,2,3,4.322447414,3
142,2,3,0.925187011,3
143,2,3,1.234403919,3
144,2,3,1.863817319,3
145,2,3,1.969266455,3
146,2,3,106.2110545,3
147,2,3,0.998436829,3
148,2,3,1.100673641,3
149,2,3,0.326614466,3
150,2,3,7.663112713,3
151,2,3,104.9252114,3
152,2,3,1.890152921,3
153,2,3,0.55749759,3
154,2,3,1.304947272,3
155,2,3,1.072342374,3
156,2,3,2.441497867,3
157,2,3,3.578026642,3
158,2,3,0.771678843,3
159,2,3,0.676658315,3
160,2,3,0.311838725,3
161,2,3,1.488428116,3
162,2,3,2.661086681,3
163,2,3,2.198316667,3
164,2,3,2.153424168,3
165,2,3,10.25677556,3
166,2,3,0.398410669,3
167,2,3,1.800369179,3
168,2,3,9.11015753,3
169,2,3,0.666473401,3
170,2,3,1.433495965,3
171,2,3,18.0170459,3
172,2,3,161.2667282,3
173,2,3,3.44380823,3
174,2,3,1.812585168,3
175,2,3,5.618362286,3
176,2,3,4.458424271,3
1,2,4,4.910880208,4
2,2,4,5.0563014,4
3,2,4,6.222679054,4
4,2,4,4.734198293,4
5,2,4,7.690077372,4
6,2,4,6.755845327,4
7,2,4,8.175708456,4
8,2,4,8.467944538,4
9,2,4,0.332372869,4
10,2,4,1.833078074,4
11,2,4,1.637906138,4
12,2,4,16.3232695,4
13,2,4,0.373467737,4
14,2,4,2.533979745,4
15,2,4,2.527622024,4
16,2,4,3.51579999,4
17,2,4,1.924053292,4
18,2,4,55.33870284,4
19,2,4,3.998659695,4
20,2,4,17.4537522,4
21,2,4,1.117643252,4
22,2,4,13.61289664,4
23,2,4,3.154237598,4
24,2,4,0.489033889,4
25,2,4,8.787200379,4
26,2,4,8.728929117,4
27,2,4,0.831967496,4
28,2,4,1.832857428,4
29,2,4,1.021107392,4
30,2,4,2.902014103,4
31,2,4,0.92667175,4
32,2,4,0.81970393,4
33,2,4,0.168098539,4
34,2,4,0.635138505,4
35,2,4,0.530296536,4
36,2,4,0.398461297,4
37,2,4,0.308444256,4
38,2,4,0.206443943,4
39,2,4,0.183311286,4
40,2,4,0.098623679,4
41,2,4,0.081602637,4
42,2,4,0.885162939,4
43,2,4,1.542783461,4
44,2,4,1.092228406,4
45,2,4,0.354392867,4
46,2,4,9.575874425,4
47,2,4,504.7615783,4
48,2,4,100.8718733,4
49,2,4,90.20358498,4
50,2,4,86.36688661,4
51,2,4,71.46666597,4
52,2,4,10.92771856,4
53,2,4,10.76016623,4
54,2,4,10.52291917,4
55,2,4,3.242782631,4
56,2,4,4.975801821,4
57,2,4,78.82235814,4
58,2,4,4.419315774,4
59,2,4,6.556057645,4
60,2,4,2.805456377,4
61,2,4,1.520890773,4
62,2,4,0.704828299,4
63,2,4,2.71883919,4
64,2,4,3.19351183,4
65,2,4,1.958751564,4
66,2,4,3.008547189,4
67,2,4,0.398790015,4
68,2,4,90.46266286,4
69,2,4,3.978067437,4
70,2,4,18.70620997,4
71,2,4,92.25158078,4
72,2,4,92.72107499,4
73,2,4,8.893567829,4
74,2,4,10.60145578,4
75,2,4,7.004116113,4
76,2,4,11.61435018,4
77,2,4,4.057840479,4
78,2,4,1.062964093,4
79,2,4,4.303850055,4
80,2,4,107.2815028,4
81,2,4,73.59839165,4
82,2,4,2.846343014,4
83,2,4,2.395817955,4
84,2,4,2.372668962,4
85,2,4,1.143714836,4
86,2,4,1.037606917,4
87,2,4,0.904086292,4
88,2,4,1.601854299,4
89,2,4,0.709716008,4
90,2,4,12.4548365,4
91,2,4,5.730165547,4
92,2,4,5.310698229,4
93,2,4,556.8894569,4
94,2,4,0.711445479,4
95,2,4,0.225791986,4
96,2,4,0.342595071,4
97,2,4,1.518634107,4
98,2,4,0.171491706,4
99,2,4,0.296429067,4
100,2,4,2.139920239,4
101,2,4,2.600304983,4
102,2,4,573.1073958,4
103,2,4,1.723223718,4
104,2,4,1.531723187,4
105,2,4,5.616074699,4
106,2,4,6.314367375,4
107,2,4,1.273603969,4
108,2,4,0.476968924,4
109,2,4,5.866918018,4
110,2,4,2.939756521,4
111,2,4,1.426037478,4
112,2,4,1.209695508,4
113,2,4,233.3774903,4
114,2,4,238.6298124,4
115,2,4,2.739752484,4
116,2,4,1.91658029,4
117,2,4,0.586738445,4
118,2,4,1.506709468,4
119,2,4,27.91521363,4
120,2,4,0.873402066,4
121,2,4,1.725981897,4
122,2,4,0.201348821,4
123,2,4,2.102103056,4
124,2,4,1.784726561,4
125,2,4,7.525231415,4
126,2,4,6.764961485,4
127,2,4,1.105186823,4
128,2,4,0.833291809,4
129,2,4,0.869424982,4
130,2,4,4.972129591,4
131,2,4,4.495259991,4
132,2,4,0.881283754,4
133,2,4,2.453850598,4
134,2,4,2.573988502,4
135,2,4,3.971472409,4
136,2,4,2.025031907,4
137,2,4,2.476129944,4
138,2,4,3.984553602,4
139,2,4,1.923117402,4
140,2,4,11.5600065,4
141,2,4,3.983431931,4
142,2,4,0.925187011,4
143,2,4,1.072081691,4
144,2,4,1.721413299,4
145,2,4,1.818805647,4
146,2,4,92.16661755,4
147,2,4,0.998436829,4
148,2,4,0.955936741,4
149,2,4,0.259572549,4
150,2,4,17.56671177,4
151,2,4,91.0508033,4
152,2,4,1.788354292,4
153,2,4,0.455100074,4
154,2,4,1.234666269,4
155,2,4,1.114992355,4
156,2,4,2.285063221,4
157,2,4,3.164642982,4
158,2,4,0.600528283,4
159,2,4,0.63359824,4
160,2,4,0.291994442,4
161,2,4,1.393709963,4
162,2,4,2.491654196,4
163,2,4,2.05834894,4
164,2,4,2.153424168,4
165,2,4,9.60634589,4
166,2,4,0.367970303,4
167,2,4,1.662812882,4
168,2,4,8.395635369,4
169,2,4,1.52780555,4
170,2,4,1.348494697,4
171,2,4,16.86989317,4
172,2,4,139.9978275,4
173,2,4,2.736921278,4
174,2,4,1.714964133,4
175,2,4,5.262075896,4
176,2,4,3.639530018,4
1,3,1,8.077458706,1
2,3,1,8.31664875,1
3,3,1,10.28588958,1
4,3,1,22.14286417,1
5,3,1,35.96814669,1
6,3,1,31.59854238,1
7,3,1,38.23954777,1
8,3,1,39.60639883,1
9,3,1,4.420559162,1
10,3,1,15.31868062,1
11,3,1,16.25950618,1
12,3,1,93.0223588,1
13,3,1,0.407888726,1
14,3,1,2.767526266,1
15,3,1,3.05201342,1
16,3,1,4.245203063,1
17,3,1,2.101385392,0
18,3,1,158.9934305,1
19,3,1,4.82823893,1
20,3,1,99.46470587,1
21,3,1,1.043424755,1
22,3,1,77.57660039,1
23,3,1,128.1105732,1
24,3,1,19.86229948,1
25,3,1,83.65414759,1
26,3,1,83.09940517,1
27,3,1,7.920330561,1
28,3,1,12.37036902,1
29,3,1,11.3922056,1
30,3,1,117.8664189,1
31,3,1,73.72188592,1
32,3,1,65.21200154,1
33,3,1,13.37317267,1
34,3,1,50.52879661,1
35,3,1,42.18803557,1
36,3,1,31.69980985,1
37,3,1,24.53845411,1
38,3,1,16.42376256,1
39,3,1,14.58343122,1
40,3,1,7.846061603,1
41,3,1,6.491943121,1
42,3,1,5.97416473,1
43,3,1,17.21239757,1
44,3,1,12.18568259,1
45,3,1,2.146045695,1
46,3,1,19.01592084,1
47,3,1,628.5710218,1
48,3,1,333.9904835,1
49,3,1,194.8274709,1
50,3,1,186.5407245,1
51,3,1,154.3582751,1
52,3,1,104.0318807,1
53,3,1,102.4367825,1
54,3,1,100.1781905,1
55,3,1,1.880688963,1
56,3,1,30.13124438,1
57,3,1,122.1133942,1
58,3,1,26.76141218,1
59,3,1,73.14407598,1
60,3,1,14.7766025,1
61,3,1,8.010674691,1
62,3,1,3.712396918,1
63,3,1,18.35006017,1
64,3,1,35.62910585,1
65,3,1,13.220057,1
66,3,1,20.30536493,1
67,3,1,2.414895094,1
68,3,1,190.258775,1
69,3,1,5.93401187,1
70,3,1,27.90371802,1
71,3,1,236.6326263,1
72,3,1,237.8369162,1
73,3,1,8.964716371,1
74,3,1,10.68626743,1
75,3,1,7.060149043,1
76,3,1,11.70726498,1
77,3,1,8.058122933,1
78,3,1,2.110850681,1
79,3,1,8.546652595,1
80,3,1,29.50241329,1
81,3,1,154.7902682,1
82,3,1,15.3094566,1
83,3,1,12.88624415,1
84,3,1,12.76173403,1
85,3,1,6.151631252,1
86,3,1,5.580914872,1
87,3,1,4.862755398,1
88,3,1,8.615798851,1
89,3,1,3.817307462,1
90,3,1,18.57865629,1
91,3,1,8.547585203,1
92,3,1,7.921873328,1
93,3,1,687.7584795,1
94,3,1,0.892271205,1
95,3,1,0.283180783,1
96,3,1,0.429671319,1
97,3,1,1.904620276,1
98,3,1,0.215079181,1
99,3,1,0.371771455,1
100,3,1,2.683816633,1
101,3,1,3.261215832,1
102,3,1,707.7876337,1
103,3,1,1.3731939,1
104,3,1,1.220591915,1
105,3,1,4.475309525,1
106,3,1,5.031761501,1
107,3,1,1.014903163,1
108,3,1,0.380084611,1
109,3,1,4.675200297,1
110,3,1,2.342618477,1
111,3,1,1.136373616,1
112,3,1,0.963976108,1
113,3,1,363.0775469,1
114,3,1,371.2488588,1
115,3,1,3.316367059,1
116,3,1,2.319948162,1
117,3,1,0.71022476,1
118,3,1,1.823814988,1
119,3,1,47.61329423,1
120,3,1,1.08973704,1
121,3,1,17.45984999,1
122,3,1,2.677939321,1
123,3,1,99.14483293,1
124,3,1,9.400322594,1
125,3,1,7.585433266,1
126,3,1,31.64118063,1
127,3,1,1.386088474,1
128,3,1,1.04508681,1
129,3,1,1.084774862,1
130,3,1,23.25572005,1
131,3,1,21.02529831,1
132,3,1,1.357478644,1
133,3,1,2.680011944,1
134,3,1,3.107999287,1
135,3,1,10.56695337,1
136,3,1,1.613697301,1
137,3,1,13.04200921,1
138,3,1,7.912588711,1
139,3,1,3.163160318,1
140,3,1,17.24385442,1
141,3,1,7.910361277,1
142,3,1,5.602521347,1
143,3,1,8.959180332,1
144,3,1,2.083705879,1
145,3,1,2.201595643,1
146,3,1,236.4146889,1
147,3,1,6.046089685,1
148,3,1,7.988579336,1
149,3,1,2.625808406,1
150,3,1,26.20394898,1
151,3,1,233.5525367,1
152,3,1,2.231315894,1
153,3,1,0.570771342,1
154,3,1,1.540483606,1
155,3,1,1.833949174,1
156,3,1,3.519779534,1
157,3,1,3.821193501,1
158,3,1,7.987026162,1
159,3,1,3.407897331,1
160,3,1,1.570533213,1
161,3,1,7.49626524,1
162,3,1,2.51158743,1
163,3,1,2.074815731,1
164,3,1,13.04017968,1
165,3,1,7.655056881,1
166,3,1,0.445414175,1
167,3,1,2.012772285,1
168,3,1,16.67218371,1
169,3,1,2.279000146,1
170,3,1,7.102648352,1
171,3,1,17.00485231,1
172,3,1,38.49940255,1
173,3,1,27.68640564,1
174,3,1,2.139747557,1
175,3,1,4.193216728,1
176,3,1,4.564577229,1
1,3,2,6.682017333,2
2,3,2,6.879885512,2
3,3,2,8.581046002,2
4,3,2,11.83549573,2
5,3,2,19.22519343,2
6,3,2,16.88961332,2
7,3,2,20.43927114,2
8,3,2,21.16986134,2
9,3,2,1.744957565,2
10,3,2,9.186905371,2
11,3,2,7.023867563,2
12,3,2,91.75502422,2
13,3,2,0.839011621,2
14,3,2,5.692696431,2
15,3,2,7.019630868,2
16,3,2,9.763967042,2
17,3,2,4.322469951,0
18,3,2,98.87930658,2
19,3,2,11.10494954,2
20,3,2,98.10960091,2
21,3,2,0.921182524,2
22,3,2,76.51969849,2
23,3,2,116.7067911,2
24,3,2,18.09425388,2
25,3,2,48.73967144,2
26,3,2,48.41646017,2
27,3,2,4.614646378,2
28,3,2,11.23547278,2
29,3,2,8.26792179,2
30,3,2,107.3745218,2
31,3,2,129.322191,2
32,3,2,114.3942374,2
33,3,2,23.45908501,2
34,3,2,88.63710691,2
35,3,2,74.00582773,2
36,3,2,55.60748769,2
37,3,2,43.04510944,2
38,3,2,28.81039912,2
39,3,2,25.5821084,2
40,3,2,13.76348237,2
41,3,2,11.38810134,2
42,3,2,5.426076223,2
43,3,2,12.49194071,2
44,3,2,8.843789709,2
45,3,2,1.949160768,2
46,3,2,20.10254489,2
47,3,2,577.7774039,2
48,3,2,307.0013538,2
49,3,2,115.0555931,2
50,3,2,110.1618452,2
51,3,2,91.15646169,2
52,3,2,60.61241229,2
53,3,2,59.68305536,2
54,3,2,58.36712499,2
55,3,2,1.580778431,2
56,3,2,27.36691002,2
57,3,2,88.62410216,2
58,3,2,24.30623675,2
59,3,2,53.0844966,2
60,3,2,18.64309686,2
61,3,2,10.10677416,2
62,3,2,4.683794893,2
63,3,2,16.66656841,2
64,3,2,25.85791295,2
65,3,2,12.00720773,2
66,3,2,18.44248741,2
67,3,2,2.193345085,2
68,3,2,193.3699248,2
69,3,2,4.985452351,2
70,3,2,23.44327239,2
71,3,2,232.2396938,2
72,3,2,233.4216269,2
73,3,2,7.57731979,2
74,3,2,9.032440328,2
75,3,2,5.967506929,2
76,3,2,9.895426356,2
77,3,2,8.518587101,2
78,3,2,2.23147072,2
79,3,2,9.035032742,2
80,3,2,27.43930746,2
81,3,2,157.3214298,2
82,3,2,13.62375831,2
83,3,2,11.46736167,2
84,3,2,11.35656115,2
85,3,2,5.474285572,2
86,3,2,4.966409804,2
87,3,2,4.327325651,2
88,3,2,7.667127857,2
89,3,2,3.396990213,2
90,3,2,15.60883391,2
91,3,2,7.181242588,2
92,3,2,6.655551571,2
93,3,2,662.6984538,2
94,3,2,0.749982109,2
95,3,2,0.238022386,2
96,3,2,0.361152304,2
97,3,2,1.600893454,2
98,3,2,0.18078084,2
99,3,2,0.312485641,2
100,3,2,2.255832585,2
101,3,2,2.741154836,2
102,3,2,681.9978008,2
103,3,2,1.238567047,2
104,3,2,1.100926041,2
105,3,2,4.03655369,2
106,3,2,4.538451549,2
107,3,2,0.915402853,2
108,3,2,0.342821414,2
109,3,2,4.216847327,2
110,3,2,2.112949999,2
111,3,2,1.024964438,2
112,3,2,0.869468647,2
113,3,2,358.5339142,2
114,3,2,366.6029684,2
115,3,2,3.146382415,2
116,3,2,2.201036246,2
117,3,2,0.67382128,2
118,3,2,1.730333014,2
119,3,2,41.08566517,2
120,3,2,0.986272487,2
121,3,2,11.65895056,2
122,3,2,1.057081311,2
123,3,2,99.14483293,2
124,3,2,11.86004189,2
125,3,2,6.411497167,2
126,3,2,16.91240371,2
127,3,2,1.165051109,2
128,3,2,0.878428449,2
129,3,2,0.981781441,2
130,3,2,12.43032398,2
131,3,2,11.23814997,2
132,3,2,1.142005843,2
133,3,2,5.512682796,2
134,3,2,7.148398364,2
135,3,2,6.099046915,2
136,3,2,1.455491683,2
137,3,2,16.4546242,2
138,3,2,8.364736637,2
139,3,2,2.616700728,2
140,3,2,14.48740186,2
141,3,2,8.362381923,2
142,3,2,5.088528564,2
143,3,2,5.372991576,2
144,3,2,1.976902864,2
145,3,2,2.088750038,2
146,3,2,232.0258023,2
147,3,2,5.491402556,2
148,3,2,4.790903617,2
149,3,2,1.753403977,2
150,3,2,22.01521365,2
151,3,2,229.2167842,2
152,3,2,2.019464693,2
153,3,2,0.479751328,2
154,3,2,1.394223141,2
155,3,2,1.517120745,2
156,3,2,2.961084369,2
157,3,2,8.788745052,2
158,3,2,3.152773486,2
159,3,2,3.032659539,2
160,3,2,1.397604466,2
161,3,2,6.670864195,2
162,3,2,2.122889375,2
163,3,2,1.753713296,2
164,3,2,11.84383292,2
165,3,2,6.904561108,2
166,3,2,0.422583901,2
167,3,2,1.909605062,2
168,3,2,17.62487993,2
169,3,2,1.914699008,2
170,3,2,8.961150657,2
171,3,2,14.37314898,2
172,3,2,35.80713663,2
173,3,2,18.4878126,2
174,3,2,1.936590267,2
175,3,2,3.78211705,2
176,3,2,3.836671226,2
1,3,3,4.723032333,3
2,3,3,4.862890965,3
3,3,3,6.279507174,3
4,3,3,8.299828653,3
5,3,3,13.48197109,3
6,3,3,11.84410858,3
7,3,3,14.33336229,3
8,3,3,14.84570023,3
9,3,3,0.909039798,3
10,3,3,4.324515174,3
11,3,3,4.752318904,3
12,3,3,90.99462345,3
13,3,3,0.744353899,3
14,3,3,5.050443501,3
15,3,3,7.96298047,3
16,3,3,11.07612071,3
17,3,3,3.834806675,1
18,3,3,115.1719196,3
19,3,3,12.5973143,3
20,3,3,97.29653791,3
21,3,3,0.881890378,3
22,3,3,75.88555734,3
23,3,3,131.7500781,3
24,3,3,20.42656935,3
25,3,3,48.27102075,3
26,3,3,47.95091728,3
27,3,3,4.570274779,3
28,3,3,8.965680298,3
29,3,3,6.934386019,3
30,3,3,121.2148968,3
31,3,3,46.9513687,3
32,3,3,41.53166579,3
33,3,3,8.516992647,3
34,3,3,32.1803509,3
35,3,3,26.86835784,3
36,3,3,20.18870572,3
37,3,3,15.62784228,3
38,3,3,10.45982644,3
39,3,3,9.28777184,3
40,3,3,4.996933088,3
41,3,3,4.134533606,3
42,3,3,4.329899209,3
43,3,3,10.47711156,3
44,3,3,7.417372013,3
45,3,3,1.555390916,3
46,3,3,15.34856468,3
47,3,3,504.7615783,3
48,3,3,268.2044793,3
49,3,3,89.58995514,3
50,3,3,85.77935676,3
51,3,3,70.98049817,3
52,3,3,60.02960064,3
53,3,3,59.10917982,3
54,3,3,57.80590264,3
55,3,3,1.074679407,3
56,3,3,21.83824133,3
57,3,3,74.32989213,3
58,3,3,19.39588589,3
59,3,3,44.52248102,3
60,3,3,15.07633074,3
61,3,3,8.173163022,3
62,3,3,3.787699087,3
63,3,3,13.29958489,3
64,3,3,21.68728183,3
65,3,3,9.581509199,3
66,3,3,14.71673238,3
67,3,3,1.750245068,3
68,3,3,198.6349475,3
69,3,3,4.044246008,3
70,3,3,19.01740386,3
71,3,3,228.4324858,3
72,3,3,229.5950428,3
73,3,3,6.72353728,3
74,3,3,8.014700573,3
75,3,3,5.295111782,3
76,3,3,8.780448737,3
77,3,3,6.504056368,3
78,3,3,1.703758049,3
79,3,3,6.898369595,3
80,3,3,25.37620163,3
81,3,3,161.6049341,3
82,3,3,13.37504873,3
83,3,3,11.25801835,3
84,3,3,11.14924056,3
85,3,3,5.374349324,3
86,3,3,4.875745122,3
87,3,3,4.248327819,3
88,3,3,7.527160005,3
89,3,3,3.334976194,3
90,3,3,12.6620334,3
91,3,3,5.825491774,3
92,3,3,5.39904626,3
93,3,3,615.3628501,3
94,3,3,0.50986926,3
95,3,3,0.16181759,3
96,3,3,0.245526468,3
97,3,3,1.088354443,3
98,3,3,0.122902389,3
99,3,3,0.212440831,3
100,3,3,1.533609505,3
101,3,3,1.863551904,3
102,3,3,633.2836724,3
103,3,3,1.139840689,3
104,3,3,1.013171066,3
105,3,3,3.714799408,3
106,3,3,4.176690919,3
107,3,3,0.842435959,3
108,3,3,0.315495069,3
109,3,3,3.880721814,3
110,3,3,1.944526448,3
111,3,3,0.943264374,3
112,3,3,0.800163175,3
113,3,3,351.0988793,3
114,3,3,359.0006028,3
115,3,3,3.019727191,3
116,3,3,2.11243521,3
117,3,3,0.646697118,3
118,3,3,1.660679778,3
119,3,3,35.86356193,3
120,3,3,0.939243145,3
121,3,3,7.058237229,3
122,3,3,0.550689026,3
123,3,3,86.64269859,3
124,3,3,9.590998507,3
125,3,3,5.68907495,3
126,3,3,11.86009071,3
127,3,3,0.792050556,3
128,3,3,0.597192463,3
129,3,3,0.93496625,3
130,3,3,8.716961372,3
131,3,3,7.880930489,3
132,3,3,0.766005806,3
133,3,3,4.890739097,3
134,3,3,8.109052688,3
135,3,3,4.89342136,3
136,3,3,1.33947423,3
137,3,3,13.30655301,3
138,3,3,6.386589461,3
139,3,3,1.849555534,3
140,3,3,11.75231714,3
141,3,3,6.384791605,3
142,3,3,4.060542994,3
143,3,3,2.529206807,3
144,3,3,1.897324147,3
145,3,3,2.004668998,3
146,3,3,228.2221006,3
147,3,3,4.382028303,3
148,3,3,2.255202874,3
149,3,3,1.061497015,3
150,3,3,17.85894912,3
151,3,3,225.459132,3
152,3,3,1.923168693,3
153,3,3,0.326155053,3
154,3,3,1.327741111,3
155,3,3,1.072342374,3
156,3,3,1.986161309,3
157,3,3,9.969841227,3
158,3,3,1.642444854,3
159,3,3,2.977296587,3
160,3,3,1.372090388,3
161,3,3,6.549083713,3
162,3,3,1.883690572,3
163,3,3,1.556111798,3
164,3,3,9.451139402,3
165,3,3,6.354197542,3
166,3,3,0.405573108,3
167,3,3,1.832735367,3
168,3,3,13.456834,3
169,3,3,1.553221909,3
170,3,3,7.246718298,3
171,3,3,12.75363923,3
172,3,3,33.11487071,3
173,3,3,11.19237675,3
174,3,3,1.844246045,3
175,3,3,3.480643952,3
176,3,3,2.608329846,3
1,3,4,3.810628358,4
2,3,4,3.923468847,4
3,3,4,4.915632313,4
4,3,4,6.741738076,4
5,3,4,10.95105955,4
6,3,4,9.620665815,4
7,3,4,11.6426228,4
8,3,4,12.05878178,4
9,3,4,0.601594894,4
10,3,4,3.48543014,4
11,3,4,3.556766978,4
12,3,4,76.29354223,4
13,3,4,1.480102551,4
14,3,4,10.04250037,4
15,3,4,8.850838921,4
16,3,4,12.31108888,4
17,3,4,7.625280325,2
18,3,4,114.8910125,4
19,3,4,14.0018929,4
20,3,4,81.57732009,4
21,3,4,0.833866645,4
22,3,4,63.62549514,4
23,3,4,95.84029624,4
24,3,4,14.85910662,4
25,3,4,35.61745221,4
26,3,4,35.38125935,4
27,3,4,3.372241584,4
28,3,4,8.001018495,4
29,3,4,5.143637981,4
30,3,4,88.17658235,4
31,3,4,37.43753872,4
32,3,4,33.11603878,4
33,3,4,6.791180981,4
34,3,4,25.6595956,4
35,3,4,21.42398007,4
36,3,4,16.0978364,4
37,3,4,12.46114793,4
38,3,4,8.340335289,4
39,3,4,7.405775967,4
40,3,4,3.984396647,4
41,3,4,3.296746535,4
42,3,4,3.864023978,4
43,3,4,7.771483851,4
44,3,4,5.501896822,4
45,3,4,1.388038729,4
46,3,4,12.90366057,4
47,3,4,412.6981456,4
48,3,4,219.2866812,4
49,3,4,73.02194973,4
50,3,4,69.91605105,4
51,3,4,57.85396769,4
52,3,4,44.2936859,4
53,3,4,43.61454046,4
54,3,4,42.65289905,4
55,3,4,0.589824047,4
56,3,4,19.48855714,4
57,3,4,55.1348101,4
58,3,4,17.30898678,4
59,3,4,33.02491725,4
60,3,4,11.08994508,4
61,3,4,6.012068228,4
62,3,4,2.786180243,4
63,3,4,11.8686169,4
64,3,4,16.08672004,4
65,3,4,8.550587322,4
66,3,4,13.13328649,4
67,3,4,1.561927561,4
68,3,4,202.2247357,4
69,3,4,3.470698393,4
70,3,4,16.32039022,4
71,3,4,224.6252777,4
72,3,4,225.7684588,4
73,3,4,5.336140698,4
74,3,4,6.360873471,4
75,3,4,4.202469667,4
76,3,4,6.968610108,4
77,3,4,5.468011991,4
78,3,4,1.432362962,4
79,3,4,5.799514259,4
80,3,4,23.10678523,4
81,3,4,164.5255052,4
82,3,4,12.13150081,4
83,3,4,10.21130177,4
84,3,4,10.11263761,4
85,3,4,4.874668086,4
86,3,4,4.422421711,4
87,3,4,3.853338664,4
88,3,4,6.82732075,4
89,3,4,3.024906093,4
90,3,4,10.86632685,4
91,3,4,4.999331122,4
92,3,4,4.633363335,4
93,3,4,556.8894569,4
94,3,4,0.279835222,4
95,3,4,0.088811515,4
96,3,4,0.134754061,4
97,3,4,0.597329416,4
98,3,4,0.067453404,4
99,3,4,0.116595433,4
100,3,4,0.841701961,4
101,3,4,1.022786626,4
102,3,4,573.1073958,4
103,3,4,1.050089453,4
104,3,4,0.933393817,4
105,3,4,3.422295518,4
106,3,4,3.847817619,4
107,3,4,0.776102419,4
108,3,4,0.290652938,4
109,3,4,3.575153167,4
110,3,4,1.79141413,4
111,3,4,0.868991588,4
112,3,4,0.7371582,4
113,3,4,342.837729,4
114,3,4,350.5535297,4
115,3,4,2.889738935,4
116,3,4,2.021502569,4
117,3,4,0.618859162,4
118,3,4,1.589193563,4
119,3,4,32.52295179,4
120,3,4,0.894901194,4
121,3,4,4.257803025,4
122,3,4,0.364441366,4
123,3,4,66.87188145,4
124,3,4,7.055008842,4
125,3,4,4.515138849,4
126,3,4,9.633647683,4
127,3,4,0.434706817,4
128,3,4,0.327761445,4
129,3,4,0.890826212,4
130,3,4,7.080564289,4
131,3,4,6.401477834,4
132,3,4,0.613020118,4
133,3,4,9.724937855,4
134,3,4,9.013197938,4
135,3,4,4.219689433,4
136,3,4,1.234003819,4
137,3,4,9.788120507,4
138,3,4,5.369256627,4
139,3,4,1.492255033,4
140,3,4,10.08562489,4
141,3,4,5.367745152,4
142,3,4,3.623649127,4
143,3,4,2.038465188,4
144,3,4,1.815651253,4
145,3,4,1.9183753,4
146,3,4,224.4183989,4
147,3,4,3.910544244,4
148,3,4,1.817626197,4
149,3,4,0.640336256,4
150,3,4,15.32622543,4
151,3,4,221.7014798,4
152,3,4,1.832375321,4
153,3,4,0.179006029,4
154,3,4,1.265058054,4
155,3,4,0.865185325,4
156,3,4,1.589487742,4
157,3,4,11.08146115,4
158,3,4,1.086956192,4
159,3,4,2.700481821,4
160,3,4,1.244520001,4
161,3,4,5.940181302,4
162,3,4,1.494992518,4
163,3,4,1.235009364,4
164,3,4,8.434244657,4
165,3,4,5.853867026,4
166,3,4,0.388114663,4
167,3,4,1.753842785,4
168,3,4,11.31326752,4
169,3,4,1.332946802,4
170,3,4,5.330588012,4
171,3,4,10.1219359,4
172,3,4,30.15337824,4
173,3,4,6.751676661,4
174,3,4,1.757178635,4
175,3,4,3.206577499,4
176,3,4,1.431548474,4
1,4,1,1.068049357,1
2,4,1,1.099676479,1
3,4,1,0.102006474,1
4,4,1,1.989561814,1
5,4,1,3.231779351,1
6,4,1,2.839165379,1
7,4,1,3.43586735,1
8,4,1,3.558680488,1
9,4,1,0.327387276,1
10,4,1,1.299506052,1
11,4,1,0.25465256,1
12,4,1,7.375887307,1
13,4,1,0.177698359,1
14,4,1,1.205683911,1
15,4,1,1.675832824,1
16,4,1,2.331002409,1
17,4,1,0.915476969,1
18,4,1,11.71382694,1
19,4,1,2.651142103,1
20,4,1,7.886711012,1
21,4,1,0.248413676,1
22,4,1,6.151169133,1
23,4,1,4.246089073,1
24,4,1,0.65831485,1
25,4,1,3.02279693,1
26,4,1,3.002751615,1
27,4,1,0.286196819,1
28,4,1,10.28972591,1
29,4,1,3.082372685,1
30,4,1,3.906557445,1
31,4,1,1.659772069,1
32,4,1,1.468180817,1
33,4,1,0.301083161,0
34,4,1,1.137603633,1
35,4,1,0.949820019,1
36,4,1,0.713688457,1
37,4,1,0.552457933,1
38,4,1,0.36976404,1
39,4,1,0.328330882,0
40,4,1,0.176645968,1
41,4,1,0.14615939,1
42,4,1,4.969335801,1
43,4,1,4.657133655,1
44,4,1,3.297062615,1
45,4,1,0.354168283,1
46,4,1,3.714895966,1
47,4,1,66.34916343,1
48,4,1,49.59252636,1
49,4,1,16.75209435,1
50,4,1,16.03956466,1
51,4,1,13.27238082,1
52,4,1,3.759135184,1
53,4,1,3.701497184,1
54,4,1,3.619884193,1
55,4,1,5.70454825,1
56,4,1,4.972648589,1
57,4,1,13.96748522,1
58,4,1,4.416515192,1
59,4,1,19.79048744,1
60,4,1,13.81747211,1
61,4,1,7.490712036,1
62,4,1,3.471429977,1
63,4,1,15.26365861,1
64,4,1,9.640115934,1
65,4,1,10.99650001,1
66,4,1,16.89008948,1
67,4,1,1.262835049,1
68,4,1,21.25154619,1
69,4,1,0.491927378,1
70,4,1,2.313207851,1
71,4,1,44.80791066,1
72,4,1,45.03595072,1
73,4,1,24.15493022,1
74,4,1,28.79355391,1
75,4,1,19.02317937,1
76,4,1,31.54457509,1
77,4,1,18.18833462,1
78,4,1,4.764491538,1
79,4,1,19.29101586,1
80,4,1,14.68931347,1
81,4,1,17.2897809,1
82,4,1,1.83492404,1
83,4,1,1.544488468,1
84,4,1,1.529565234,1
85,4,1,0.737307428,1
86,4,1,0.668903876,1
87,4,1,0.582828445,1
88,4,1,1.032651703,1
89,4,1,0.45752566,1
90,4,1,1.5401637,1
91,4,1,0.708591636,1
92,4,1,0.656720354,1
93,4,1,70.91093098,1
94,4,1,0.219658792,1
95,4,1,0.069713276,1
96,4,1,0.105776228,1
97,4,1,0.46887828,1
98,4,1,0.052948064,1
99,4,1,0.091522474,0
100,4,1,8.595346295,1
101,4,1,10.44455835,1
102,4,1,106.8845293,1
103,4,1,1.49884563,1
104,4,1,1.332280064,1
105,4,1,4.884814973,1
106,4,1,5.492184123,1
107,4,1,1.107770119,1
108,4,1,0.414863595,1
109,4,1,0.470575716,1
110,4,1,0.235792971,1
111,4,1,0.114380089,1
112,4,1,0.097027661,1
113,4,1,27.59224133,1
114,4,1,28.21322384,1
115,4,1,1.779839205,1
116,4,1,1.245077707,1
117,4,1,0.381165851,1
118,4,1,0.97881126,1
119,4,1,25.4961511,1
120,4,1,0.395046473,1
121,4,1,0.917285081,1
122,4,1,0.198328589,1
123,4,1,2.77954429,1
124,4,1,8.790159666,1
125,4,1,20.43852852,1
126,4,1,2.842996472,1
127,4,1,4.439167072,1
128,4,1,3.347055433,1
129,4,1,0.393247607,1
130,4,1,2.089553195,1
131,4,1,1.889147236,1
132,4,1,0.224091713,1
133,4,1,1.167557946,1
134,4,1,1.706574155,1
135,4,1,1.035419592,1
136,4,1,0.162424434,1
137,4,1,12.19546906,1
138,4,1,1.545780723,1
139,4,1,0.418251763,1
140,4,1,1.429509121,1
141,4,1,17.85481546,1
142,4,1,0.924600708,1
143,4,1,0.760020354,1
144,4,1,1.118290391,1
145,4,1,1.181559873,1
146,4,1,44.7666428,1
147,4,1,0.997804106,1
148,4,1,0.677682854,1
149,4,1,0.137951636,1
150,4,1,2.17229763,1
151,4,1,44.2246759,1
152,4,1,0.808886403,1
153,4,1,1.827985296,1
154,4,1,0.558449051,1
155,4,1,0.242495605,1
156,4,1,0.581042971,1
157,4,1,2.098182613,1
158,4,1,0.591520359,1
159,4,1,0.408455565,1
160,4,1,0.188237194,1
161,4,1,0.898469336,1
162,4,1,6.767332796,1
163,4,1,5.59047572,1
164,4,1,2.152059514,1
165,4,1,8.355519604,1
166,4,1,0.239046401,1
167,4,1,1.080221507,0
168,4,1,3.257030175,1
169,4,1,0.188928265,1
170,4,1,6.641624522,1
171,4,1,45.81862985,1
172,4,1,19.1689333,1
173,4,1,1.454555844,1
174,4,1,0.77569147,1
175,4,1,4.576909765,1
176,4,1,14.6187789,1
1,4,2,4.159488701,2
2,4,2,4.282659657,2
3,4,2,1.395130327,2
4,4,2,3.745410042,2
5,4,2,6.083921972,2
6,4,2,5.344814341,2
7,4,2,6.468123779,2
8,4,2,6.69932321,2
9,4,2,0.307444904,2
10,4,2,1.293051552,2
11,4,2,0.147052887,2
12,4,2,7.401233997,2
13,4,2,0.16522075,2
14,4,2,1.121023298,2
15,4,2,1.667509151,2
16,4,2,2.319424582,2
17,4,2,0.851194083,2
18,4,2,11.54528267,2
19,4,2,2.637974179,2
20,4,2,7.913813112,2
21,4,2,0.339658769,2
22,4,2,6.172307171,2
23,4,2,3.712295017,2
24,4,2,0.575555269,2
25,4,2,3.18682467,2
26,4,2,3.165691627,2
27,4,2,0.301726879,2
28,4,2,17.81787097,2
29,4,2,8.8013361,2
30,4,2,3.415447366,2
31,4,2,1.445607931,2
32,4,2,1.278738131,2
33,4,2,0.262233721,1
34,4,2,0.990816068,2
35,4,2,0.827262597,2
36,4,2,0.621599624,2
37,4,2,0.481173039,2
38,4,2,0.322052551,2
39,4,2,0.285965607,1
40,4,2,0.15385294,2
41,4,2,0.127300114,2
42,4,2,8.604989567,2
43,4,2,13.29787237,2
44,4,2,9.414356785,2
45,4,2,0.403876113,2
46,4,2,3.225915143,2
47,4,2,58.09520052,2
48,4,2,33.39904835,2
49,4,2,16.62936839,2
50,4,2,15.92205869,2
51,4,2,13.17514726,2
52,4,2,3.963119265,2
53,4,2,3.902353621,2
54,4,2,3.816312019,2
55,4,2,5.454622805,2
56,4,2,5.670564182,2
57,4,2,15.92783403,2
58,4,2,5.036376975,2
59,4,2,56.50930284,2
60,4,2,36.2671177,2
61,4,2,19.66108798,2
62,4,2,9.111562414,2
63,4,2,26.4308206,2
64,4,2,27.5261654,2
65,4,2,19.04173347,2
66,4,2,29.24717701,2
67,4,2,1.440075056,2
68,4,2,20.91649929,2
69,4,2,0.495603965,2
70,4,2,2.330496399,2
71,4,2,40.7078404,2
72,4,2,40.91501404,2
73,4,2,22.37621666,2
74,4,2,26.67326275,2
75,4,2,17.62235614,2
76,4,2,29.22170505,2
77,4,2,6.619172409,2
78,4,2,1.733913059,2
79,4,2,7.020464631,2
80,4,2,19.00120464,2
81,4,2,17.01719426,2
82,4,2,2.003493869,2
83,4,2,1.686376716,2
84,4,2,1.670082522,2
85,4,2,0.805041996,2
86,4,2,0.730354383,2
87,4,2,0.636371419,2
88,4,2,1.127518803,2
89,4,2,0.499557384,2
90,4,2,1.551674639,2
91,4,2,0.713887537,2
92,4,2,0.661628578,2
93,4,2,62.08947547,2
94,4,2,0.262345521,2
95,4,2,0.083260795,2
96,4,2,0.126331932,2
97,4,2,0.559996327,2
98,4,2,0.063237567,2
99,4,2,0.109308218,0
100,4,2,5.510294616,2
101,4,2,6.695785332,2
102,4,2,150.7272451,2
103,4,2,1.507820754,2
104,4,2,1.340257789,2
105,4,2,4.914065361,2
106,4,2,5.525071453,2
107,4,2,1.114403473,2
108,4,2,0.417347808,2
109,4,2,0.553079251,2
110,4,2,0.277133297,2
111,4,2,0.134433741,2
112,4,2,0.114039004,2
113,4,2,27.30310108,2
114,4,2,27.91757629,2
115,4,2,1.719844625,2
116,4,2,1.203108795,2
117,4,2,0.368317564,2
118,4,2,0.945817622,2
119,4,2,23.42266893,2
120,4,2,0.395046473,2
121,4,2,0.860133363,2
122,4,2,0.18624766,2
123,4,2,2.77954429,2
124,4,2,23.07178568,2
125,4,2,18.93348224,2
126,4,2,5.352026491,2
127,4,2,2.84585607,2
128,4,2,2.145726408,2
129,4,2,0.393247607,2
130,4,2,3.933646828,2
131,4,2,3.556376574,2
132,4,2,0.93407459,2
133,4,2,1.085574458,2
134,4,2,1.698097793,2
135,4,2,2.230407272,2
136,4,2,0.190901445,2
137,4,2,32.0097995,2
138,4,2,1.342314157,2
139,4,2,1.628869931,2
140,4,2,1.440193046,2
141,4,2,6.497796764,2
142,4,2,1.054369228,2
143,4,2,0.756245418,2
144,4,2,1.08059521,2
145,4,2,1.141732012,2
146,4,2,40.6703487,2
147,4,2,1.137846787,2
148,4,2,0.674316879,2
149,4,2,0.129356519,2
150,4,2,2.188533038,2
151,4,2,40.17797352,2
152,4,2,0.808886403,2
153,4,2,1.17188269,2
154,4,2,0.558449051,2
155,4,2,0.944392432,2
156,4,2,2.421943537,2
157,4,2,2.087761177,2
158,4,2,0.555488662,2
159,4,2,0.445979344,2
160,4,2,0.205530069,2
161,4,2,0.98100944,2
162,4,2,6.269001958,2
163,4,2,5.178805931,2
164,4,2,2.454102954,2
165,4,2,8.405552654,2
166,4,2,0.230988658,2
167,4,2,1.043809547,1
168,4,2,2.82831688,2
169,4,2,0.190340285,2
170,4,2,17.4324635,2
171,4,2,42.44465121,2
172,4,2,24.79576906,2
173,4,2,1.363929312,2
174,4,2,0.77569147,2
175,4,2,4.604316409,2
176,4,2,9.371789793,2
1,4,3,3.220249317,3
2,4,3,3.315607475,3
3,4,3,2.926648139,3
4,4,3,3.026291314,3
5,4,3,4.915808954,3
6,4,3,4.318609989,3
7,4,3,5.226244013,3
8,4,3,5.413053154,3
9,4,3,0.302459311,3
10,4,3,1.338233054,3
11,4,3,0.135097368,3
12,4,3,9.378275955,3
13,4,3,0.157476027,3
14,4,3,1.06847533,3
15,4,3,1.725774862,3
16,4,3,2.400469368,3
17,4,3,0.81129436,3
18,4,3,11.51719196,3
19,4,3,2.730149649,3
20,4,3,10.02777689,3
21,4,3,1.798707108,3
22,4,3,7.821074154,3
23,4,3,3.299817795,3
24,4,3,0.511604684,3
25,4,3,3.280554807,3
26,4,3,3.258800202,3
27,4,3,0.310601199,3
28,4,3,15.56699343,3
29,4,3,10.02056881,3
30,4,3,3.035953216,3
31,4,3,1.29322191,3
32,4,3,1.143942374,3
33,4,3,0.23459085,2
34,4,3,0.886371069,3
35,4,3,0.740058277,3
36,4,3,0.556074877,3
37,4,3,0.430451094,3
38,4,3,0.288103991,3
39,4,3,0.255821084,2
40,4,3,0.137634824,3
41,4,3,0.113881013,3
42,4,3,7.51794736,3
43,4,3,15.14000187,3
44,4,3,10.71851011,3
45,4,3,0.413196331,3
46,4,3,2.961050531,3
47,4,3,51.11107805,3
48,4,3,27.8325403,3
49,4,3,18.59298384,3
50,4,3,17.80215418,3
51,4,3,14.73088421,3
52,4,3,4.079681597,3
53,4,3,4.017128727,3
54,4,3,3.92855649,3
55,4,3,5.254682451,3
56,4,3,5.801423352,3
57,4,3,16.29539943,3
58,4,3,5.152601058,3
59,4,3,64.33743137,3
60,4,3,31.17173752,3
61,4,3,16.89878637,3
62,4,3,7.831425547,3
63,4,3,23.09189528,3
64,4,3,31.33931385,3
65,4,3,16.63624909,3
66,4,3,25.55246993,3
67,4,3,1.473307558,3
68,4,3,22.59173379,3
69,4,3,0.559576584,3
70,4,3,2.631317152,3
71,4,3,38.36494311,3
72,4,3,38.56019308,3
73,4,3,15.86612501,3
74,4,3,18.91299712,3
75,4,3,12.49534315,3
76,4,3,20.72000072,3
77,4,3,3.424702248,3
78,4,3,0.897111539,3
79,4,3,3.632327351,3
80,4,3,24.96358047,3
81,4,3,18.38012744,3
82,4,3,1.810053082,3
83,4,3,1.523554137,3
84,4,3,1.508833175,3
85,4,3,0.727313803,3
86,4,3,0.659837408,3
87,4,3,0.574928662,3
88,4,3,1.018654918,3
89,4,3,0.451324257,3
90,4,3,1.751964985,3
91,4,3,0.806036226,3
92,4,3,0.747031673,3
93,4,3,54.62516694,3
94,4,3,0.276277994,3
95,4,3,0.087682555,3
96,4,3,0.133041086,3
97,4,3,0.589736245,3
98,4,3,0.066595946,3
99,4,3,0.115113288,1
100,4,3,3.254462031,3
101,4,3,3.954630494,3
102,4,3,180.8153834,3
103,4,3,1.471920259,3
104,4,3,1.308346889,3
105,4,3,4.797063803,3
106,4,3,5.393522134,3
107,4,3,1.087870057,3
108,4,3,0.407410956,3
109,4,3,0.546967878,3
110,4,3,0.274071051,3
111,4,3,0.132948286,3
112,4,3,0.112778904,3
113,4,3,26.68351482,3
114,4,3,27.28404581,3
115,4,3,1.646517916,3
116,4,3,1.151813459,3
117,4,3,0.352614102,3
118,4,3,0.905492064,3
119,4,3,21.73316494,3
120,4,3,0.487761462,3
121,4,3,0.837272675,3
122,4,3,0.183227427,3
123,4,3,2.110825476,3
124,4,3,19.83029513,3
125,4,3,13.42501284,3
126,4,3,4.324437405,3
127,4,3,1.68080496,3
128,4,3,1.267297959,3
129,4,3,0.485540413,3
130,4,3,3.178386638,3
131,4,3,2.873552273,3
132,4,3,0.62702585,3
133,4,3,1.034688155,3
134,4,3,1.757432325,3
135,4,3,1.340371938,3
136,4,3,0.188792037,3
137,4,3,27.51255494,3
138,4,3,1.2321031,3
139,4,3,1.261060592,3
140,4,3,1.626093335,3
141,4,3,3.361903542,3
142,4,3,1.078700826,3
143,4,3,0.782669967,3
144,4,3,1.034523321,3
145,4,3,1.093053515,3
146,4,3,38.32960921,3
147,4,3,1.16410479,3
148,4,3,0.6978787,3
149,4,3,0.125918472,3
150,4,3,2.471029142,3
151,4,3,37.86557215,3
152,4,3,0.998727089,3
153,4,3,0.692131362,3
154,4,3,0.689513624,3
155,4,3,0.731142528,3
156,4,3,1.625802928,3
157,4,3,2.160711234,3
158,4,3,0.546480738,3
159,4,3,0.402919269,3
160,4,3,0.185685786,3
161,4,3,0.886291287,3
162,4,3,4.445111085,3
163,4,3,3.672094508,3
164,4,3,2.5107361,3
165,4,3,8.205420448,3
166,4,3,0.221140304,3
167,4,3,0.999306039,2
168,4,3,2.596097178,3
169,4,3,0.214909431,3
170,4,3,14.98327441,3
171,4,3,30.09588941,3
172,4,3,32.57641756,3
173,4,3,1.327678699,3
174,4,3,0.957741508,3
175,4,3,4.494689829,3
176,4,3,5.535118568,3
1,4,4,1.942883755,4
2,4,4,2.00041651,4
3,4,4,1.579821714,4
4,4,4,2.280205634,4
5,4,4,3.703891695,4
6,4,4,3.25392297,4
7,4,4,3.937793755,4
8,4,4,4.078547971,4
9,4,4,0.285840668,4
10,4,4,1.353293555,4
11,4,4,0.1318096,4
12,4,4,10.59491716,4
13,4,4,0.154464191,4
14,4,4,1.04804001,4
15,4,4,1.745196765,4
16,4,4,2.427484296,4
17,4,4,0.795777801,4
18,4,4,11.60146409,4
19,4,4,2.760874806,4
20,4,4,11.32867767,4
21,4,4,0.737819178,4
22,4,4,8.83569999,4
23,4,4,3.105710865,4
24,4,4,0.48151029,4
25,4,4,3.421150013,4
26,4,4,3.398463068,4
27,4,4,0.323912679,4
28,4,4,15.41567393,4
29,4,4,9.487154498,4
30,4,4,2.857367732,4
31,4,4,1.223206711,4
32,4,4,1.082009188,4
33,4,4,0.221890072,3
34,4,4,0.838382827,4
35,4,4,0.699991428,4
36,4,4,0.525968912,4
37,4,4,0.407146418,4
38,4,4,0.272506005,4
39,4,4,0.241970898,3
40,4,4,0.130183257,4
41,4,4,0.107715481,4
42,4,4,7.444868892,4
43,4,4,14.33407021,4
44,4,4,10.14794303,4
45,4,4,0.350025964,4
46,4,4,2.798056924,4
47,4,4,46.03171626,4
48,4,4,26.4830838,4
49,4,4,16.9361833,4
50,4,4,16.21582361,4
51,4,4,13.41823116,4
52,4,4,4.254525092,4
53,4,4,4.189291385,4
54,4,4,4.096923196,4
55,4,4,5.317163812,4
56,4,4,4.914488957,4
57,4,4,13.80412282,4
58,4,4,4.364860045,4
59,4,4,60.91262513,4
60,4,4,8.512282167,4
61,4,4,4.614668586,4
62,4,4,2.138581592,4
63,4,4,22.86742972,4
64,4,4,29.67106141,4
65,4,4,16.47453586,4
66,4,4,25.30408626,4
67,4,4,1.248065049,4
68,4,4,23.26182759,4
69,4,4,0.67060952,4
70,4,4,3.153431331,4
71,4,4,36.90063231,4
72,4,4,37.08843001,4
73,4,4,11.45491536,4
74,4,4,13.65467505,4
75,4,4,9.021301555,4
76,4,4,14.95928303,4
77,4,4,2.641913162,4
78,4,4,0.692057473,4
79,4,4,2.802081101,4
80,4,4,32.39076143,4
81,4,4,18.92530071,4
82,4,4,1.544762859,4
83,4,4,1.300254599,4
84,4,4,1.287691213,4
85,4,4,0.620715139,4
86,4,4,0.563128414,4
87,4,4,0.490664308,4
88,4,4,0.869355877,4
89,4,4,0.385175969,4
90,4,4,2.099595357,4
91,4,4,0.965972454,4
92,4,4,0.895260034,4
93,4,4,49.19657892,4
94,4,4,0.271535025,4
95,4,4,0.086177275,4
96,4,4,0.130757119,4
97,4,4,0.579612017,4
98,4,4,0.065452668,4
99,4,4,0.113137094,2
100,4,4,1.872430209,4
101,4,4,2.27526686,4
102,4,4,174.2246483,4
103,4,4,1.355243654,4
104,4,4,1.204636465,4
105,4,4,4.416808747,4
106,4,4,4.965986841,4
107,4,4,1.001636455,4
108,4,4,0.375116185,4
109,4,4,0.534745132,4
110,4,4,0.267946558,4
111,4,4,0.129977374,4
112,4,4,0.110258705,4
113,4,4,25.81609406,4
114,4,4,26.39710315,4
115,4,4,1.613187594,4
116,4,4,1.128497397,4
117,4,4,0.345476165,4
118,4,4,0.887162266,4
119,4,4,20.42763913,4
120,4,4,0.55091515,4
121,4,4,0.831557503,4
122,4,4,0.173159986,4
123,4,4,1.913117304,4
124,4,4,5.415195977,4
125,4,4,9.692498063,4
126,4,4,3.258313728,4
127,4,4,0.96703847,4
128,4,4,0.729130333,4
129,4,4,0.548406527,4
130,4,4,2.394804189,4
131,4,4,2.165122058,4
132,4,4,0.382464221,4
133,4,4,1.014899038,4
134,4,4,1.777210502,4
135,4,4,0.939678739,4
136,4,4,0.184573221,4
137,4,4,7.513043848,4
138,4,4,1.164280911,4
139,4,4,0.76083989,4
140,4,4,1.94874786,4
141,4,4,2.593468448,4
142,4,4,0.913786665,4
143,4,4,0.79147815,4
144,4,4,1.013581553,4
145,4,4,1.070926926,4
146,4,4,36.86664702,4
147,4,4,0.986133882,4
148,4,4,0.705732641,4
149,4,4,0.12505896,4
150,4,4,2.961338473,4
151,4,4,36.4203213,4
152,4,4,1.128038861,4
153,4,4,0.398212564,4
154,4,4,0.778789493,4
155,4,4,0.441122658,4
156,4,4,0.991683916,4
157,4,4,2.18502792,4
158,4,4,0.516454323,4
159,4,4,0.343865453,4
160,4,4,0.15847077,4
161,4,4,0.756392106,4
162,4,4,3.209250604,4
163,4,4,2.651153434,4
164,4,4,2.126889227,4
165,4,4,7.554990778,4
166,4,4,0.21666378,4
167,4,4,0.979077172,3
168,4,4,2.453192746,4
169,4,4,0.257552433,4
170,4,4,4.091586473,4
171,4,4,21.7284224,4
172,4,4,42.26857483,4
173,4,4,1.318616046,4
174,4,4,1.081746607,4
175,4,4,4.13840344,4
176,4,4,3.184588764,4
1,5,1,2.356149084,1
2,5,1,2.42591947,1
3,5,1,2.08275057,1
4,5,1,2.471970628,1
5,5,1,1.601288263,1
6,5,1,1.406755135,1
7,5,1,1.702410178,1
8,5,1,1.763261869,1
9,5,1,0.845888953,1
10,5,1,3.786640152,1
11,5,1,0.268401407,1
12,5,1,13.15493303,1
13,5,1,0.486196478,1
14,5,1,3.2988446,1
15,5,1,4.883221473,1
16,5,1,6.792324898,1
17,5,1,2.504815921,1
18,5,1,27.61316999,1
19,5,1,7.72518229,1
20,5,1,14.06598974,1
21,5,1,0.70725862,1
22,5,1,10.97064186,1
23,5,1,6.890795981,1
24,5,1,1.049541961,1
25,5,1,12.91132642,1
26,5,1,12.82570652,1
27,5,1,1.222437574,1
28,5,1,2.429526609,1
29,5,1,1.550711599,1
30,5,1,6.339784656,0
31,5,1,13.92066896,1
32,5,1,12.31377459,1
33,5,1,2.52521361,1
34,5,1,9.541191762,1
35,5,1,7.966232414,1
36,5,1,5.985774153,1
37,5,1,4.633518151,1
38,5,1,3.101246787,1
39,5,1,2.753742879,1
40,5,1,1.481546828,1
41,5,1,1.225852947,1
42,5,1,1.173319257,1
43,5,1,1.444920331,1
44,5,1,1.022945261,1
45,5,1,0.889263583,1
46,5,1,28.79553727,1
47,5,1,10.92062785,1
48,5,1,4.098974117,1
49,5,1,26.57017163,1
50,5,1,25.44004211,1
51,5,1,21.05106555,1
52,5,1,16.05646114,1
53,5,1,15.81027091,1
54,5,1,15.4616759,1
55,5,1,2.711691063,1
56,5,1,18.19853444,1
57,5,1,16.13203703,1
58,5,1,16.16323824,1
59,5,1,9.956400978,1
60,5,1,2.050141198,1
61,5,1,1.11142018,1
62,5,1,0.515066834,1
63,5,1,3.603931247,1
64,5,1,4.84984819,1
65,5,1,2.596404375,1
66,5,1,3.98795091,1
67,5,1,1.000667539,1
68,5,1,18.88228597,1
69,5,1,0.486044838,1
70,5,1,2.285546172,1
71,5,1,127.6879023,1
72,5,1,128.3377419,1
73,5,1,1.141934109,1
74,5,1,1.361226923,1
75,5,1,0.899328509,1
76,5,1,1.491282563,1
77,5,1,0.615870824,1
78,5,1,0.161329302,1
79,5,1,4.761706445,1
80,5,1,28.67717095,1
81,5,1,15.36220397,1
82,5,1,1.826633721,1
83,5,1,1.537510358,1
84,5,1,1.522654547,1
85,5,1,0.73397622,1
86,5,1,0.66588172,1
87,5,1,0.580195184,1
88,5,1,1.027986108,3
89,5,1,0.455458526,1
90,5,1,1.521746196,1
91,5,1,0.700118193,1
92,5,1,0.648867196,1
93,5,1,91.8867604,1
94,5,1,7.034815376,1
95,5,1,2.232644641,1
96,5,1,3.387600517,1
97,5,1,15.01634471,1
98,5,1,1.695720225,1
99,5,1,2.931108313,1
100,5,1,21.15965908,1
101,5,1,25.71197091,1
102,5,1,94.56272029,1
103,5,1,2.746387801,1
104,5,1,2.441183829,1
105,5,1,8.95061905,1
106,5,1,10.063523,1
107,5,1,2.029806326,1
108,5,1,0.760169222,1
109,5,1,9.350400594,1
110,5,1,4.685236954,1
111,5,1,2.272747231,1
112,5,1,1.927952216,1
113,5,1,18.21583597,1
114,5,1,18.62579598,1
115,5,1,5.199530261,1
116,5,1,3.63730566,1
117,5,1,1.113518216,1
118,5,1,2.859448624,1
119,5,1,53.37296692,0
120,5,1,0.385640605,1
121,5,1,2.846155579,1
122,5,1,0.51243275,1
123,5,1,1.948006982,1
124,5,1,1.304223256,1
125,5,1,0.966239714,1
126,5,1,1.408653373,1
127,5,1,10.92815329,1
128,5,1,8.239639157,1
129,5,1,0.383884569,1
130,5,1,1.035335845,1
131,5,1,2.347208539,1
132,5,1,0.422326689,1
133,5,1,3.194529006,1
134,5,1,4.972798861,1
135,5,1,1.16662002,1
136,5,1,3.227394603,1
137,5,1,1.809479575,1
138,5,1,11.98192005,1
139,5,1,0.922676,1
140,5,1,1.412414842,1
141,5,1,4.407201284,1
142,5,1,2.321534075,1
143,5,1,2.214628846,1
144,5,1,3.266915749,1
145,5,1,3.451747944,1
146,5,1,127.5703024,1
147,5,1,2.505336857,1
148,5,1,1.974705004,1
149,5,1,0.428036853,1
150,5,1,2.146320976,1
151,5,1,126.0258738,1
152,5,1,0.789627203,1
153,5,1,4.500056698,1
154,5,1,0.545152645,1
155,5,1,0.534952616,1
156,5,1,1.095042522,1
157,5,1,6.113909602,1
158,5,1,1.52834448,1
159,5,1,0.406610133,1
160,5,1,0.187386725,1
161,5,1,0.894409986,3
162,5,1,0.319928399,1
163,5,1,0.264292004,1
164,5,1,7.875949504,1
165,5,1,15.31011376,1
166,5,1,0.698337802,1
167,5,1,3.155703281,1
168,5,1,25.24644962,1
169,5,1,0.186669033,1
170,5,1,0.985438433,1
171,5,1,16.5324953,1
172,5,1,37.42249618,1
173,5,1,4.354567432,1
174,5,1,0.757222625,1
175,5,1,8.386433459,1
176,5,1,35.9878901,1
1,5,2,2.951895208,2
2,5,2,3.039306854,2
3,5,2,3.040304378,2
4,5,2,2.552871485,2
5,5,2,1.38713421,2
6,5,2,1.21861767,2
7,5,2,1.474732221,2
8,5,2,1.527445692,2
9,5,2,0.762795735,2
10,5,2,2.947555118,2
11,5,2,0.208623811,2
12,5,2,11.02581092,2
13,5,2,0.451775488,2
14,5,2,3.06529808,2
15,5,2,3.801143989,2
16,5,2,5.28720745,2
17,5,2,2.32748382,2
18,5,2,21.12421549,2
19,5,2,6.013352123,2
20,5,2,11.78941337,2
21,5,2,0.580650596,2
22,5,2,9.195046641,2
23,5,2,14.99476027,2
24,5,2,0.872737401,2
25,5,2,10.28688258,2
26,5,2,10.21866635,2
27,5,2,0.973956615,2
28,5,2,2.865289368,2
29,5,2,1.82884906,2
30,5,2,13.79572858,1
31,5,2,12.80866286,2
32,5,2,11.33012988,2
33,5,2,2.323495363,2
34,5,2,8.779025557,2
35,5,2,7.329876567,2
36,5,2,5.507620596,2
37,5,2,4.263385045,2
38,5,2,2.853514054,2
39,5,2,2.533769336,2
40,5,2,1.363198413,2
41,5,2,1.127929782,2
42,5,2,1.383767182,2
43,5,2,1.485216914,2
44,5,2,1.051473615,2
45,5,2,0.810509612,2
46,5,2,13.17531658,2
47,5,2,14.88887926,2
48,5,2,3.525455104,2
49,5,2,20.77136974,2
50,5,2,19.88788511,2
51,5,2,16.45677988,2
52,5,2,12.79271586,2
53,5,2,12.59656794,2
54,5,2,12.31883071,2
55,5,2,2.66795411,2
56,5,2,15.01954994,2
57,5,2,13.31403562,2
58,5,2,13.3397865,2
59,5,2,11.7421928,2
60,5,2,2.074119458,2
61,5,2,1.124419247,2
62,5,2,0.521091007,2
63,5,2,4.250336607,2
64,5,2,5.719722679,2
65,5,2,3.062098525,2
66,5,2,4.70323449,2
67,5,2,0.912047536,2
68,5,2,17.92500912,2
69,5,2,0.42501349,2
70,5,2,1.99855626,2
71,5,2,116.5591402,2
72,5,2,117.1523423,2
73,5,2,1.173950953,2
74,5,2,1.399392164,2
75,5,2,0.924543327,2
76,5,2,1.533094224,2
77,5,2,0.584213913,2
78,5,2,0.153036674,2
79,5,2,3.876517426,2
80,5,2,28.26454979,2
81,5,2,14.58338501,2
82,5,2,1.597268216,2
83,5,2,1.344449299,2
84,5,2,1.331458893,2
85,5,2,0.641812791,2
86,5,2,0.582268736,2
87,5,2,0.507341628,2
88,5,2,0.898904645,4
89,5,2,0.398267818,2
90,5,2,1.330664602,2
91,5,2,0.612206227,2
92,5,2,0.56739068,2
93,5,2,130.3121329,2
94,5,2,3.218759864,2
95,5,2,1.021540237,2
96,5,2,1.549987029,2
97,5,2,6.870686024,2
98,5,2,0.77587199,2
99,5,2,1.341120313,2
100,5,2,9.681542126,2
101,5,2,11.76443952,2
102,5,2,134.1071306,2
103,5,2,2.136079401,2
104,5,2,1.898698534,2
105,5,2,6.961592593,2
106,5,2,7.827184557,2
107,5,2,1.578738254,2
108,5,2,0.591242728,2
109,5,2,7.272533796,2
110,5,2,3.644073186,2
111,5,2,1.767692291,2
112,5,2,1.49951839,2
113,5,2,18.25714172,2
114,5,2,18.66803134,2
115,5,2,4.232950919,2
116,5,2,2.961139865,2
117,5,2,0.906518035,2
118,5,2,2.327884457,2
119,5,2,52.60501055,1
120,5,2,0.348017131,2
121,5,2,2.080322552,2
122,5,2,0.462095545,2
123,5,2,1.948006982,2
124,5,2,1.31947733,2
125,5,2,0.993330547,2
126,5,2,1.22026204,2
127,5,2,5.000145607,2
128,5,2,3.770023577,2
129,5,2,0.346432416,2
130,5,2,0.896871477,2
131,5,2,2.424026273,2
132,5,2,0.494510077,2
133,5,2,2.96836766,2
134,5,2,3.870871841,2
135,5,2,1.01059789,2
136,5,2,2.510195802,2
137,5,2,1.830643078,2
138,5,2,5.482293608,2
139,5,2,1.155972209,2
140,5,2,1.235061692,2
141,5,2,3.587913866,2
142,5,2,2.115936961,2
143,5,2,1.723887227,2
144,5,2,2.659604489,2
145,5,2,2.810076852,2
146,5,2,116.4517898,2
147,5,2,2.283462006,2
148,5,2,1.537128327,2
149,5,2,0.312862278,2
150,5,2,1.876813199,2
151,5,2,115.0419673,2
152,5,2,0.712590403,2
153,5,2,2.058988206,2
154,5,2,0.491967021,2
155,5,2,0.670213984,2
156,5,2,1.282205402,2
157,5,2,4.759122814,2
158,5,2,1.378212409,2
159,5,2,0.355553187,2
160,5,2,0.163857075,2
161,5,2,0.782101319,4
162,5,2,0.328898354,2
163,5,2,0.27170206,2
164,5,2,6.500150728,2
165,5,2,11.90786626,2
166,5,2,0.568518595,2
167,5,2,2.569066132,2
168,5,2,11.55144157,2
169,5,2,0.163229502,2
170,5,2,0.996964028,2
171,5,2,13.22599624,2
172,5,2,36.884043,2
173,5,2,3.273040879,2
174,5,2,0.683347247,2
175,5,2,6.52278158,2
176,5,2,16.46615726,2
1,5,3,2.034124152,3
2,5,3,2.094358722,3
3,5,3,2.409512255,3
4,5,3,2.109414936,3
5,5,3,1.090238817,3
6,5,3,0.95779073,3
7,5,3,1.159087781,3
8,5,3,1.200518719,3
9,5,3,0.579990657,3
10,5,3,2.052531083,3
11,5,3,0.204439379,3
12,5,3,9.8598631,3
13,5,3,0.337325698,3
14,5,3,2.288755899,3
15,5,3,2.646928003,3
16,5,3,3.681748838,3
17,5,3,1.737854586,3
18,5,3,21.46130404,3
19,5,3,4.187399945,3
20,5,3,10.54271678,3
21,5,3,0.523895274,3
22,5,3,8.222696881,3
23,5,3,9.462712793,3
24,5,3,0.827595812,3
25,5,3,9.56047401,3
26,5,3,9.497074878,3
27,5,3,0.905180635,3
28,5,3,3.283144067,3
29,5,3,2.095556214,3
30,5,3,8.70604231,2
31,5,3,9.266717504,3
32,5,3,8.197039301,3
33,5,3,1.680985391,3
34,5,3,6.35138505,3
35,5,3,5.302965364,3
36,5,3,3.984612971,3
37,5,3,3.084442556,3
38,5,3,2.064439428,3
39,5,3,1.833112863,3
40,5,3,0.986236794,3
41,5,3,0.81602637,3
42,5,3,1.585566563,3
43,5,3,1.508243532,3
44,5,3,1.067775532,3
45,5,3,0.79082112,3
46,5,3,9.168390406,3
47,5,3,17.58729021,3
48,5,3,2.968804299,3
49,5,3,17.08959076,3
50,5,3,16.36270607,3
51,5,3,13.53977311,3
52,5,3,11.88935779,3
53,5,3,11.70706086,3
54,5,3,11.44893606,3
55,5,3,2.399284258,3
56,5,3,13.17666038,3
57,5,3,11.68041162,3
58,5,3,11.70300288,3
59,5,3,13.45459591,3
60,5,3,2.008179244,3
61,5,3,1.088671814,3
62,5,3,0.50452453,3
63,5,3,4.870177362,3
64,5,3,6.553848904,3
65,5,3,3.50865456,3
66,5,3,5.389122853,3
67,5,3,0.889892535,3
68,5,3,16.8959365,3
69,5,3,0.388247617,3
70,5,3,1.82567077,3
71,5,3,102.2088943,3
72,5,3,102.729064,3
73,5,3,1.173950953,3
74,5,3,1.399392164,3
75,5,3,0.924543327,3
76,5,3,1.533094224,3
77,5,3,0.561190704,3
78,5,3,0.147005672,3
79,5,3,3.143947205,3
80,5,3,27.02668629,3
81,5,3,13.74615463,3
82,5,3,1.459096225,3
83,5,3,1.228147457,3
84,5,3,1.216280788,3
85,5,3,0.586292654,3
86,5,3,0.531899468,3
87,5,3,0.463453944,3
88,5,3,0.821144728,5
89,5,3,0.363815585,3
90,5,3,1.215555207,3
91,5,3,0.55924721,3
92,5,3,0.518308441,3
93,5,3,152.8661559,3
94,5,3,2.239858669,3
95,5,3,0.710865629,3
96,5,3,1.078599221,3
97,5,3,4.781147491,3
98,5,3,0.539910921,3
99,5,3,0.933253826,3
100,5,3,6.737155605,3
101,5,3,8.186594513,3
102,5,3,157.3179801,3
103,5,3,1.579621742,3
104,5,3,1.404079588,3
105,5,3,5.148068472,3
106,5,3,5.788170093,3
107,5,3,1.167470305,3
108,5,3,0.437221513,3
109,5,3,5.378008183,3
110,5,3,2.69477681,3
111,5,3,1.307201022,3
112,5,3,1.108887549,3
113,5,3,18.00930721,3
114,5,3,18.41461916,3
115,5,3,3.433023185,3
116,5,3,2.401554378,3
117,5,3,0.73520754,3
118,5,3,1.887969284,3
119,5,3,50.30114148,2
120,5,3,0.326518003,3
121,5,3,1.665972593,3
122,5,3,0.351353693,3
123,5,3,1.948006982,3
124,5,3,1.277528628,3
125,5,3,0.993330547,3
126,5,3,0.959083147,3
127,5,3,3.479482768,3
128,5,3,2.623470014,3
129,5,3,0.325031186,3
130,5,3,0.704909512,3
131,5,3,2.002951287,3
132,5,3,0.369535853,3
133,5,3,2.216381186,3
134,5,3,2.695483019,3
135,5,3,0.794294482,3
136,5,3,1.856279248,3
137,5,3,1.772443443,3
138,5,3,3.814998128,3
139,5,3,0.79656994,3
140,5,3,1.128222446,3
141,5,3,2.9098829,3
142,5,3,2.064537683,3
143,5,3,1.2004295,3
144,5,3,2.157002066,3
145,5,3,2.279038706,3
146,5,3,102.1147604,3
147,5,3,2.227993293,3
148,5,3,1.070379871,3
149,5,3,0.250547676,3
150,5,3,1.714459116,3
151,5,3,100.878509,3
152,5,3,0.668569374,3
153,5,3,1.432801071,3
154,5,3,0.461575236,3
155,5,3,0.461838363,3
156,5,3,0.958162206,3
157,5,3,3.314016909,3
158,5,3,1.047921854,3
159,5,3,0.324795991,3
160,5,3,0.149682588,3
161,5,3,0.714445496,5
162,5,3,0.328898354,3
163,5,3,0.27170206,3
164,5,3,5.702586224,3
165,5,3,8.805817067,3
166,5,3,0.46108201,3
167,5,3,2.08357332,3
168,5,3,8.03837429,3
169,5,3,0.149109303,3
170,5,3,0.96526864,3
171,5,3,9.582099318,3
172,5,3,35.26868345,3
173,5,3,2.658278419,3
174,5,3,0.641132745,3
175,5,3,4.823569571,3
176,5,3,11.4584084,3
1,5,4,1.722833385,4
2,5,4,1.77385,4
3,5,4,1.909424806,4
4,5,4,2.025517751,4
5,5,4,1.465008411,4
6,5,4,1.287031293,4
7,5,4,1.557524206,4
8,5,4,1.613197029,4
9,5,4,0.495235575,4
10,5,4,1.708291069,4
11,5,4,0.234925953,4
12,5,4,19.92249973,4
13,5,4,0.24869165,4
14,5,4,1.687373609,4
15,5,4,2.202998779,4
16,5,4,3.064264754,4
17,5,4,1.281224427,4
18,5,4,22.50066039,4
19,5,4,3.485110647,4
20,5,4,21.30225036,4
21,5,4,9.823036393,4
22,5,4,16.61449807,4
23,5,4,30.57184133,4
24,5,4,0.827595812,4
25,5,4,9.443311339,4
26,5,4,9.380689155,4
27,5,4,0.894087735,4
28,5,4,3.85620194,4
29,5,4,2.461326026,4
30,5,4,28.12721361,3
31,5,4,51.89361803,4
32,5,4,45.90342009,4
33,5,4,9.413518192,4
34,5,4,35.56775629,4
35,5,4,29.69660602,4
36,5,4,22.31383264,4
37,5,4,17.27287832,4
38,5,4,11.5608608,4
39,5,4,10.26543203,4
40,5,4,5.522926044,4
41,5,4,4.569747673,4
42,5,4,1.862319999,4
43,5,4,1.732753066,4
44,5,4,1.226719218,4
45,5,4,0.823635274,4
46,5,4,7.67428234,4
47,5,4,17.80951229,4
48,5,4,2.479626318,4
49,5,4,14.94188635,4
50,5,4,14.30635163,4
51,5,4,11.83818583,4
52,5,4,11.74365488,4
53,5,4,11.56359197,4
54,5,4,11.30863047,4
55,5,4,2.2680734,4
56,5,4,11.79449321,4
57,5,4,10.45519362,4
58,5,4,10.47541516,4
59,5,4,15.80303447,4
60,5,4,3.986385665,4
61,5,4,2.161094795,4
62,5,4,1.001518844,4
63,5,4,5.720244682,4
64,5,4,7.69779344,4
65,5,4,4.121074266,4
66,5,4,6.329769749,4
67,5,4,0.926817536,4
68,5,4,18.30791986,4
69,5,4,0.652961901,4
70,5,4,3.070446295,4
71,5,4,90.49440783,4
72,5,4,90.95495926,4
73,5,4,1.163278672,4
74,5,4,1.386670417,4
75,5,4,0.916138388,4
76,5,4,1.519157004,4
77,5,4,0.656161439,4
78,5,4,0.171883555,4
79,5,4,2.722719327,4
80,5,4,25.37620163,4
81,5,4,14.8949126,4
82,5,4,2.45393456,4
83,5,4,2.065520723,4
84,5,4,2.045563143,4
85,5,4,0.986037645,4
86,5,4,0.894558196,4
87,5,4,0.779445269,4
88,5,4,1.381016133,6
89,5,4,0.611871665,4
90,5,4,2.044342848,4
91,5,4,0.940552126,4
92,5,4,0.87170056,4
93,5,4,169.5728396,4
94,5,4,1.874844663,4
95,5,4,0.59502086,4
96,5,4,0.902827496,4
97,5,4,4.001997529,4
98,5,4,0.451925437,4
99,5,4,0.781168017,4
100,5,4,5.639248766,4
101,5,4,6.852482815,4
102,5,4,174.511202,4
103,5,4,1.19369143,4
104,5,4,1.061037416,4
105,5,4,3.890301744,4
106,5,4,4.3740149,4
107,5,4,0.882236083,4
108,5,4,0.330400348,4
109,5,4,4.064063002,4
110,5,4,2.036393839,4
111,5,4,0.987828045,4
112,5,4,0.837966159,4
113,5,4,17.22449796,4
114,5,4,17.61214722,4
115,5,4,2.97306474,4
116,5,4,2.079792724,4
117,5,4,0.636704006,4
118,5,4,1.63501806,4
119,5,4,47.22931605,3
120,5,4,1.17304616,4
121,5,4,7.172540665,4
122,5,4,0.300009744,4
123,5,4,1.948006982,4
124,5,4,2.535989665,4
125,5,4,0.984300269,4
126,5,4,1.288767979,4
127,5,4,2.912455946,4
128,5,4,2.195941567,4
129,5,4,1.16770463,4
130,5,4,0.947222156,4
131,5,4,1.923288452,4
132,5,4,0.321054473,4
133,5,4,1.634015721,4
134,5,4,2.243410396,4
135,5,4,1.06733321,4
136,5,4,1.402756477,4
137,5,4,3.518432507,4
138,5,4,3.19329473,4
139,5,4,0.674667417,4
140,5,4,1.897465022,4
141,5,4,2.520015093,4
142,5,4,2.150203147,4
143,5,4,0.999099604,4
144,5,4,1.868005672,4
145,5,4,1.973691773,4
146,5,4,90.41106294,4
147,5,4,2.320441148,4
148,5,4,0.890861235,4
149,5,4,1.07868725,4
150,5,4,2.883408513,4
151,5,4,89.31650229,4
152,5,4,2.40189738,4
153,5,4,1.199307563,4
154,5,4,1.658251774,4
155,5,4,0.391161252,4
156,5,4,0.832455795,4
157,5,4,2.758206945,4
158,5,4,0.894787141,4
159,5,4,0.546247804,4
160,5,4,0.251738898,4
161,5,4,1.201567425,6
162,5,4,0.325908369,4
163,5,4,0.269232041,4
164,5,4,5.104412841,4
165,5,4,6.654395852,4
166,5,4,0.399305974,4
167,5,4,1.804414953,4
168,5,4,6.728416998,4
169,5,4,0.250774737,4
170,5,4,1.916130285,4
171,5,4,7.152834704,4
172,5,4,33.11487071,4
173,5,4,13.83215537,4
174,5,4,2.303328751,4
175,5,4,3.645083823,4
176,5,4,9.591112219,4
